age,trestbps,chol,thalach,oldpeak,age_x_oldpeak,resting_bp_cholesterol_index,heart_rate_reserve_proxy,oldpeak_per_age,sex_0.0,sex_1.0,cp_1.0,cp_2.0,cp_3.0,cp_4.0,fbs_0.0,fbs_1.0,restecg_0.0,restecg_1.0,restecg_2.0,exang_0.0,exang_1.0,slope_1.0,slope_2.0,slope_3.0,ca_0.0,ca_1.0,ca_2.0,ca_3.0,thal_3.0,thal_6.0,thal_7.0,asymptomatic_chest_pain_0.0,asymptomatic_chest_pain_1.0,exercise_ischemia_signal_0.0,exercise_ischemia_signal_1.0,has_major_vessels_colored_0.0,has_major_vessels_colored_1.0,thal_reversible_defect_0.0,thal_reversible_defect_1.0,high_resting_bp_0.0,high_resting_bp_1.0,high_cholesterol_0.0,high_cholesterol_1.0,abnormal_restecg_0.0,abnormal_restecg_1.0,num
0.2670646076105086,-0.9362458407125174,-0.08437695583675477,-2.217936986378019,-1.7620136033255782,-1.6985008223944582,-0.14252693117675233,2.2439622393267777,-1.7178863028523583,0.0,1.0,0.0,0.0,0.0,1.0,1.0,0.0,0.0,1.0,0.0,1.0,0.0,1.0,0.0,0.0,1.0,0.0,0.0,0.0,1.0,0.0,0.0,0.0,1.0,1.0,0.0,1.0,0.0,1.0,0.0,1.0,0.0,0.0,1.0,0.0,1.0,1
-0.04888529058226727,-2.8941280222676853,-0.08437695583675477,0.12011870687664603,1.0697939734476725,0.9396426675886098,-0.14252693117675233,-0.12799267153633856,1.1148054832372005,0.0,1.0,0.0,0.0,0.0,1.0,1.0,0.0,1.0,0.0,0.0,0.0,1.0,0.0,0.0,1.0,1.0,0.0,0.0,0.0,1.0,0.0,0.0,0.0,1.0,0.0,1.0,1.0,0.0,1.0,0.0,1.0,0.0,0.0,1.0,1.0,0.0,0
-1.1020516178915203,-0.6565483862046363,0.8366259160274497,0.6749115832421598,-0.8180777444011614,-0.7865499863509285,0.2751296947286078,-0.29741802231227543,-0.8079913655023788,0.0,1.0,1.0,0.0,0.0,0.0,1.0,0.0,0.0,1.0,0.0,1.0,0.0,0.0,1.0,0.0,1.0,0.0,0.0,0.0,1.0,0.0,0.0,1.0,0.0,1.0,0.0,1.0,0.0,1.0,0.0,1.0,0.0,0.0,1.0,0.0,1.0,1
0.4776978730723592,-0.09715347718887411,0.08478683695462974,-1.1083512336469916,-0.8180777444011614,-0.7865499863509285,-0.0012962224168472994,0.9732721085072511,-0.8079913655023788,0.0,1.0,0.0,1.0,0.0,0.0,1.0,0.0,1.0,0.0,0.0,1.0,0.0,0.0,1.0,0.0,1.0,0.0,0.0,0.0,1.0,0.0,0.0,1.0,0.0,1.0,0.0,1.0,0.0,1.0,0.0,1.0,0.0,0.0,1.0,1.0,0.0,0
0.4776978730723592,-0.3768509316967552,-0.49788844932680576,0.23900289466925612,-0.44050340083139466,-0.40874178284718043,-0.6205385608256617,-0.4668433730882123,-0.4565836655603177,0.0,1.0,0.0,1.0,0.0,0.0,1.0,0.0,1.0,0.0,0.0,1.0,0.0,0.0,1.0,0.0,1.0,0.0,0.0,0.0,0.0,0.0,1.0,1.0,0.0,0.0,1.0,1.0,0.0,0.0,1.0,1.0,0.0,1.0,0.0,1.0,0.0,0
0.5830145058032845,0.4622414318268881,-1.3061154593300872,0.9523080214249167,-0.8180777444011614,-0.7865499863509285,-0.9488697811905691,-1.2716137892739123,-0.8079913655023788,0.0,1.0,0.0,0.0,0.0,1.0,1.0,0.0,1.0,0.0,0.0,0.0,1.0,1.0,0.0,0.0,0.0,1.0,0.0,0.0,0.0,0.0,1.0,0.0,1.0,0.0,1.0,0.0,1.0,0.0,1.0,0.0,1.0,1.0,0.0,1.0,0.0,2
-1.733951414277072,-0.09715347718887411,0.06599085997780924,1.943009586363334,2.485697761834298,1.322336321999734,-0.016988523390170082,-1.398682802355865,4.011992626946162,0.0,1.0,0.0,0.0,1.0,0.0,1.0,0.0,1.0,0.0,0.0,1.0,0.0,0.0,0.0,1.0,1.0,0.0,0.0,0.0,1.0,0.0,0.0,1.0,0.0,0.0,1.0,1.0,0.0,1.0,0.0,1.0,0.0,0.0,1.0,1.0,0.0,0
-1.418001516084296,-0.09715347718887411,0.5358902843983218,0.4767712702544763,-0.8180777444011614,-0.7865499863509285,0.37531900094289944,0.0414326792395983,-0.8079913655023788,0.0,1.0,0.0,1.0,0.0,0.0,1.0,0.0,1.0,0.0,0.0,1.0,0.0,0.0,1.0,0.0,1.0,0.0,0.0,0.0,1.0,0.0,0.0,1.0,0.0,1.0,0.0,1.0,0.0,1.0,0.0,1.0,0.0,0.0,1.0,1.0,0.0,0
1.109597669457911,2.699821067889937,1.4756891332393467,0.6352835206446231,-0.8180777444011614,-0.7865499863509285,3.121471671274386,-1.1445447761919598,-0.8079913655023788,1.0,0.0,0.0,0.0,0.0,1.0,1.0,0.0,1.0,0.0,0.0,0.0,1.0,1.0,0.0,0.0,1.0,0.0,0.0,0.0,1.0,0.0,0.0,0.0,1.0,0.0,1.0,1.0,0.0,1.0,0.0,0.0,1.0,0.0,1.0,1.0,0.0,0
0.1617479748795833,0.014725504614278323,1.7952207418452952,1.1108202718150635,0.3146452863081388,0.2882492132718029,1.509268811276701,-1.2716137892739123,0.30373481249614165,1.0,0.0,0.0,1.0,0.0,0.0,1.0,0.0,1.0,0.0,0.0,1.0,0.0,1.0,0.0,0.0,1.0,0.0,0.0,0.0,1.0,0.0,0.0,1.0,0.0,0.0,1.0,1.0,0.0,1.0,0.0,1.0,0.0,0.0,1.0,1.0,0.0,0
-1.8392680470079972,-0.09715347718887411,-0.7046441960718313,1.5863570229855037,-0.8180777444011614,-0.7865499863509285,-0.6603728632964041,-0.9751194254160229,-0.8079913655023788,0.0,1.0,0.0,0.0,1.0,0.0,1.0,0.0,1.0,0.0,0.0,1.0,0.0,0.0,1.0,0.0,1.0,0.0,0.0,0.0,1.0,0.0,0.0,1.0,0.0,1.0,0.0,1.0,0.0,1.0,0.0,1.0,0.0,1.0,0.0,1.0,0.0,0
-0.5754684542368937,1.5810312498584125,2.039568442543962,-1.5442599222198952,1.0697939734476725,0.7767943040094081,2.916264658546319,1.8627552000809195,1.3150968216475734,0.0,1.0,0.0,0.0,0.0,1.0,1.0,0.0,1.0,0.0,0.0,0.0,1.0,0.0,1.0,0.0,1.0,0.0,0.0,0.0,1.0,0.0,0.0,0.0,1.0,0.0,1.0,1.0,0.0,1.0,0.0,0.0,1.0,0.0,1.0,1.0,0.0,1
-0.04888529058226727,-0.09715347718887411,-0.9301959197936773,0.5560273954495497,0.3146452863081388,0.2491656060127944,-0.8486804749762775,-0.593912386170165,0.3456867437413688,0.0,1.0,0.0,0.0,1.0,0.0,0.0,1.0,0.0,0.0,1.0,1.0,0.0,0.0,0.0,1.0,1.0,0.0,0.0,0.0,1.0,0.0,0.0,1.0,0.0,0.0,1.0,1.0,0.0,1.0,0.0,1.0,0.0,1.0,0.0,0.0,1.0,0
-1.6286347815461466,-2.2228541314487704,-2.433874077939317,-0.15727773130611086,1.541761902909881,0.760509467651488,-2.640741246129739,0.8038467577313142,2.5442531405238618,0.0,1.0,0.0,0.0,0.0,1.0,1.0,0.0,1.0,0.0,0.0,0.0,1.0,0.0,1.0,0.0,1.0,0.0,0.0,0.0,1.0,0.0,0.0,0.0,1.0,0.0,1.0,1.0,0.0,1.0,0.0,1.0,0.0,1.0,0.0,1.0,0.0,1
-0.47015182150596846,-0.09715347718887411,-0.08437695583675477,0.2786309572667928,2.0137298323720896,1.607320958263337,-0.14252693117675233,-0.12799267153633856,2.3116484196975513,0.0,1.0,1.0,0.0,0.0,0.0,1.0,0.0,0.0,1.0,0.0,1.0,0.0,0.0,1.0,0.0,1.0,0.0,0.0,0.0,1.0,0.0,0.0,1.0,0.0,0.0,1.0,1.0,0.0,1.0,0.0,1.0,0.0,0.0,1.0,0.0,1.0,2
0.8989644039960604,-0.6565483862046363,-0.49788844932680576,-2.0594247359878723,-0.8180777444011614,-0.7865499863509285,-0.7533195690614698,1.8203988623869354,-0.8079913655023788,0.0,1.0,0.0,0.0,0.0,1.0,1.0,0.0,0.0,1.0,0.0,1.0,0.0,0.0,1.0,0.0,1.0,0.0,0.0,0.0,1.0,0.0,0.0,0.0,1.0,1.0,0.0,1.0,0.0,1.0,0.0,1.0,0.0,1.0,0.0,0.0,1.0,0
-2.5764844761244743,-0.6565483862046363,-0.06558097885993426,0.8730518962298432,-0.8180777444011614,-0.7865499863509285,-0.4201599483970785,0.08378901693358252,-0.8079913655023788,0.0,1.0,0.0,1.0,0.0,0.0,1.0,0.0,1.0,0.0,0.0,1.0,0.0,0.0,1.0,0.0,1.0,0.0,0.0,0.0,1.0,0.0,0.0,1.0,0.0,1.0,0.0,1.0,0.0,1.0,0.0,1.0,0.0,0.0,1.0,1.0,0.0,0
-1.418001516084296,-2.0550356587440417,-0.08437695583675477,0.23900289466925612,-0.8180777444011614,-0.7865499863509285,-0.14252693117675233,0.2955707054035036,-0.8079913655023788,0.0,1.0,0.0,0.0,0.0,1.0,1.0,0.0,0.0,1.0,0.0,1.0,0.0,1.0,0.0,0.0,1.0,0.0,0.0,0.0,1.0,0.0,0.0,0.0,1.0,1.0,0.0,1.0,0.0,1.0,0.0,1.0,0.0,0.0,1.0,0.0,1.0,2
0.4776978730723592,-1.104064313417246,-0.30992867955860076,1.0711922092175268,1.541761902909881,1.5747512855474965,-0.8305739738532127,-1.356326464661881,1.3883067591355032,0.0,1.0,0.0,0.0,1.0,0.0,1.0,0.0,0.0,0.0,1.0,1.0,0.0,0.0,1.0,0.0,0.0,1.0,0.0,0.0,0.0,0.0,1.0,1.0,0.0,0.0,1.0,0.0,1.0,0.0,1.0,1.0,0.0,1.0,0.0,0.0,1.0,4
0.4776978730723592,0.014725504614278323,-0.4227045414195238,1.3882167099978202,2.202517004156973,2.235915641679056,-0.37091026534234234,-1.6951771662137547,2.00327023403411,0.0,1.0,0.0,0.0,1.0,0.0,1.0,0.0,0.0,0.0,1.0,1.0,0.0,1.0,0.0,0.0,0.0,0.0,1.0,0.0,0.0,0.0,1.0,1.0,0.0,0.0,1.0,0.0,1.0,0.0,1.0,1.0,0.0,1.0,0.0,0.0,1.0,3
0.37238124034143394,-0.09715347718887411,1.2125454555638597,0.3975151450594029,1.0697939734476725,1.0699213584519711,0.9402418359825195,-0.593912386170165,0.9798723710449494,0.0,1.0,0.0,0.0,0.0,1.0,1.0,0.0,0.0,1.0,0.0,0.0,1.0,0.0,1.0,0.0,1.0,0.0,0.0,0.0,1.0,0.0,0.0,0.0,1.0,0.0,1.0,1.0,0.0,1.0,0.0,1.0,0.0,0.0,1.0,0.0,1.0,1
-1.733951414277072,-0.09715347718887411,1.2877293634711418,0.7937957710347698,-0.8180777444011614,-0.7865499863509285,1.0030110398758108,-0.17034900923032278,-0.8079913655023788,0.0,1.0,0.0,0.0,0.0,1.0,1.0,0.0,1.0,0.0,0.0,1.0,0.0,0.0,1.0,0.0,1.0,0.0,0.0,0.0,1.0,0.0,0.0,0.0,1.0,1.0,0.0,1.0,0.0,1.0,0.0,1.0,0.0,0.0,1.0,1.0,0.0,0
-1.3126848833533709,-0.3768509316967552,-0.08437695583675477,1.5071008977904303,0.6922196298779058,0.28173527872863496,-0.14252693117675233,-1.1021884384979757,1.1804619609990399,0.0,1.0,0.0,0.0,0.0,1.0,1.0,0.0,1.0,0.0,0.0,1.0,0.0,1.0,0.0,0.0,1.0,0.0,0.0,0.0,1.0,0.0,0.0,0.0,1.0,0.0,1.0,1.0,0.0,1.0,0.0,1.0,0.0,0.0,1.0,1.0,0.0,2
0.2670646076105086,0.4622414318268881,0.8930138469579112,0.5956554580470864,0.4090388722005806,0.39898610050566,1.0283601414481014,-0.7633377369461019,0.3748720530525947,1.0,0.0,0.0,1.0,0.0,0.0,1.0,0.0,0.0,0.0,1.0,1.0,0.0,0.0,1.0,0.0,1.0,0.0,0.0,0.0,1.0,0.0,0.0,1.0,0.0,0.0,1.0,1.0,0.0,1.0,0.0,0.0,1.0,0.0,1.0,0.0,1.0,0
0.05643134214865803,1.5810312498584125,1.2313414325406802,-0.31578998169625766,-0.8180777444011614,-0.7865499863509285,2.085779807035083,0.2955707054035036,-0.8079913655023788,1.0,0.0,0.0,1.0,0.0,0.0,1.0,0.0,1.0,0.0,0.0,1.0,0.0,0.0,1.0,0.0,1.0,0.0,0.0,0.0,1.0,0.0,0.0,1.0,0.0,1.0,0.0,1.0,0.0,1.0,0.0,0.0,1.0,0.0,1.0,1.0,0.0,0
-1.6286347815461466,0.35036245002373567,-1.3437074132837283,1.3882167099978202,-0.8180777444011614,-0.7865499863509285,-1.024917085907441,-0.8480504123340703,-0.8079913655023788,0.0,1.0,0.0,0.0,1.0,0.0,1.0,0.0,1.0,0.0,0.0,1.0,0.0,1.0,0.0,0.0,1.0,0.0,0.0,0.0,1.0,0.0,0.0,1.0,0.0,1.0,0.0,1.0,0.0,1.0,0.0,1.0,0.0,1.0,0.0,1.0,0.0,0
-2.2605345779316983,-0.3768509316967552,0.14117476788509123,0.6749115832421598,-0.8180777444011614,-0.7865499863509285,-0.10752102900549382,0.16850169232155096,-0.8079913655023788,0.0,1.0,0.0,1.0,0.0,0.0,1.0,0.0,1.0,0.0,0.0,1.0,0.0,0.0,1.0,0.0,1.0,0.0,0.0,0.0,1.0,0.0,0.0,1.0,0.0,1.0,0.0,1.0,0.0,1.0,0.0,1.0,0.0,0.0,1.0,1.0,0.0,0
0.05643134214865803,1.0216363408426503,-0.27233672560495975,1.0711922092175268,0.6922196298779058,0.6204598749733745,0.26064449383015603,-1.186901113885944,0.7017602342486985,0.0,1.0,0.0,0.0,1.0,0.0,1.0,0.0,0.0,0.0,1.0,1.0,0.0,1.0,0.0,0.0,1.0,0.0,0.0,0.0,0.0,0.0,1.0,1.0,0.0,0.0,1.0,1.0,0.0,0.0,1.0,0.0,1.0,1.0,0.0,0.0,1.0,0
0.37238124034143394,1.5810312498584125,-0.08437695583675477,-1.5838879848174319,1.0697939734476725,1.0699213584519711,-0.14252693117675233,1.523904498529046,0.9798723710449494,0.0,1.0,0.0,0.0,0.0,1.0,1.0,0.0,1.0,0.0,0.0,0.0,1.0,0.0,1.0,0.0,1.0,0.0,0.0,0.0,0.0,0.0,1.0,0.0,1.0,0.0,1.0,1.0,0.0,0.0,1.0,0.0,1.0,0.0,1.0,1.0,0.0,2
-0.25951855604411783,-0.6565483862046363,-0.08437695583675477,-1.3461196092322119,-0.8180777444011614,-0.7865499863509285,-0.14252693117675233,1.523904498529046,-0.8079913655023788,0.0,1.0,0.0,0.0,0.0,1.0,0.0,1.0,1.0,0.0,0.0,1.0,0.0,0.0,1.0,0.0,1.0,0.0,0.0,0.0,1.0,0.0,0.0,0.0,1.0,1.0,0.0,1.0,0.0,1.0,0.0,1.0,0.0,0.0,1.0,1.0,0.0,3
-0.8914183524296696,-0.09715347718887411,-0.5166844263036263,-0.31578998169625766,0.12585811452325546,-0.05373235024452073,-0.5034498535631763,0.6767777446493616,0.32432233431092916,0.0,1.0,0.0,0.0,0.0,1.0,1.0,0.0,0.0,1.0,0.0,0.0,1.0,0.0,1.0,0.0,1.0,0.0,0.0,0.0,1.0,0.0,0.0,0.0,1.0,0.0,1.0,1.0,0.0,1.0,0.0,1.0,0.0,1.0,0.0,0.0,1.0,1
0.8989644039960604,0.4622414318268881,2.772611544639961,0.7541677084372331,0.3146452863081388,0.42504183867833223,2.7183002462674777,-1.186901113885944,0.17821734078663137,1.0,0.0,0.0,0.0,0.0,1.0,1.0,0.0,0.0,0.0,1.0,1.0,0.0,0.0,1.0,0.0,1.0,0.0,0.0,0.0,1.0,0.0,0.0,0.0,1.0,0.0,1.0,1.0,0.0,1.0,0.0,0.0,1.0,0.0,1.0,0.0,1.0,0
-0.04888529058226727,1.2453943044489553,-0.08437695583675477,0.08049064427910932,0.5978260439854639,0.5080945041037253,-0.14252693117675233,-0.08563633384235435,0.6341062710523059,0.0,1.0,0.0,0.0,0.0,1.0,1.0,0.0,0.0,1.0,0.0,0.0,1.0,0.0,1.0,0.0,1.0,0.0,0.0,0.0,1.0,0.0,0.0,0.0,1.0,0.0,1.0,1.0,0.0,1.0,0.0,0.0,1.0,0.0,1.0,0.0,1.0,2
1.7414974658434628,0.7419388863347692,-1.3625033902605488,-0.5139302946839411,1.6361554888023226,2.177290230790543,-0.8945502778213749,-0.17034900923032278,1.0845901041855788,0.0,1.0,0.0,0.0,0.0,1.0,1.0,0.0,1.0,0.0,0.0,0.0,1.0,0.0,0.0,1.0,1.0,0.0,0.0,0.0,0.0,0.0,1.0,0.0,1.0,0.0,1.0,1.0,0.0,0.0,1.0,0.0,1.0,1.0,0.0,1.0,0.0,4
-0.15420192331319255,0.2384834682205832,-0.9489918967704978,1.2297044596076736,-0.7236841585087198,-0.7018688372897436,-0.7224178071447727,-1.2716137892739123,-0.7100026799416117,1.0,0.0,0.0,0.0,1.0,0.0,1.0,0.0,0.0,0.0,1.0,1.0,0.0,0.0,1.0,0.0,1.0,0.0,0.0,0.0,1.0,0.0,0.0,1.0,0.0,0.0,1.0,1.0,0.0,1.0,0.0,1.0,0.0,1.0,0.0,0.0,1.0,0
0.1617479748795833,0.014725504614278323,2.0019764885903206,-0.23653385650118425,0.3146452863081388,0.2882492132718029,1.6845397421479678,0.16850169232155096,0.30373481249614165,0.0,1.0,0.0,0.0,0.0,1.0,1.0,0.0,1.0,0.0,0.0,0.0,1.0,0.0,1.0,0.0,0.0,1.0,0.0,0.0,0.0,0.0,1.0,0.0,1.0,0.0,1.0,0.0,1.0,0.0,1.0,1.0,0.0,0.0,1.0,1.0,0.0,3
-0.3648351887750431,0.685999395433193,1.9267925806830388,-0.7120706076716246,0.12585811452325546,0.027691831545080137,2.126338369550748,0.8885594331192826,0.21109096432959837,0.0,1.0,0.0,0.0,0.0,1.0,1.0,0.0,0.0,0.0,1.0,0.0,1.0,1.0,0.0,0.0,1.0,0.0,0.0,0.0,0.0,0.0,1.0,0.0,1.0,0.0,1.0,1.0,0.0,0.0,1.0,0.0,1.0,0.0,1.0,0.0,1.0,1
0.8989644039960604,1.5810312498584125,-0.08437695583675477,-2.6142176123533862,-0.8180777444011614,-0.7865499863509285,-0.14252693117675233,2.4133875901027144,-0.8079913655023788,0.0,1.0,0.0,0.0,1.0,0.0,1.0,0.0,1.0,0.0,0.0,0.0,1.0,0.0,1.0,0.0,1.0,0.0,0.0,0.0,1.0,0.0,0.0,1.0,0.0,0.0,1.0,1.0,0.0,1.0,0.0,0.0,1.0,0.0,1.0,1.0,0.0,3
1.6361808331125374,-0.09715347718887411,0.46070637649103974,0.08049064427910932,-0.2517162290465113,-0.3142897319712435,-0.14252693117675233,-0.04327999614837013,-0.2716322445381803,0.0,1.0,0.0,0.0,1.0,0.0,1.0,0.0,0.0,0.0,1.0,1.0,0.0,0.0,1.0,0.0,1.0,0.0,0.0,0.0,1.0,0.0,0.0,1.0,0.0,0.0,1.0,1.0,0.0,1.0,0.0,1.0,0.0,0.0,1.0,0.0,1.0,0
0.05643134214865803,-0.6565483862046363,-0.15956086374403677,0.6352835206446231,-0.8180777444011614,-0.7865499863509285,-0.49258595288933743,-0.7209813992521176,-0.8079913655023788,0.0,1.0,0.0,1.0,0.0,0.0,1.0,0.0,1.0,0.0,0.0,1.0,0.0,0.0,1.0,0.0,1.0,0.0,0.0,0.0,1.0,0.0,0.0,1.0,0.0,1.0,0.0,1.0,0.0,1.0,0.0,1.0,0.0,1.0,0.0,1.0,0.0,0
0.2670646076105086,1.3013337953505313,-0.08437695583675477,-1.5442599222198952,-0.8180777444011614,-0.7865499863509285,-0.14252693117675233,1.523904498529046,-0.8079913655023788,0.0,1.0,0.0,0.0,1.0,0.0,1.0,0.0,0.0,1.0,0.0,1.0,0.0,0.0,1.0,0.0,1.0,0.0,0.0,0.0,1.0,0.0,0.0,1.0,0.0,1.0,0.0,1.0,0.0,1.0,0.0,0.0,1.0,0.0,1.0,0.0,1.0,2
-1.2073682506224455,1.5810312498584125,-1.8699947686347023,0.31825901986432953,-0.8180777444011614,-0.7865499863509285,-1.100964390624313,0.12614535462756674,-0.8079913655023788,0.0,1.0,0.0,0.0,1.0,0.0,1.0,0.0,1.0,0.0,0.0,1.0,0.0,0.0,1.0,0.0,1.0,0.0,0.0,0.0,1.0,0.0,0.0,1.0,0.0,1.0,0.0,1.0,0.0,1.0,0.0,0.0,1.0,1.0,0.0,1.0,0.0,0
1.5308642003816122,0.35036245002373567,-0.08437695583675477,-0.31578998169625766,2.0137298323720896,2.5355566306647868,-0.14252693117675233,-0.29741802231227543,1.4399843620681592,0.0,1.0,0.0,0.0,0.0,1.0,1.0,0.0,1.0,0.0,0.0,0.0,1.0,0.0,1.0,0.0,1.0,0.0,0.0,0.0,1.0,0.0,0.0,0.0,1.0,0.0,1.0,1.0,0.0,1.0,0.0,1.0,0.0,0.0,1.0,1.0,0.0,2
-0.15420192331319255,2.140426158874175,-0.08437695583675477,-0.47430223208640443,0.5978260439854639,0.483667249566845,-0.14252693117675233,0.549708731567409,0.6618389179091267,0.0,1.0,0.0,0.0,0.0,1.0,1.0,0.0,1.0,0.0,0.0,0.0,1.0,0.0,1.0,0.0,1.0,0.0,0.0,0.0,1.0,0.0,0.0,0.0,1.0,0.0,1.0,1.0,0.0,1.0,0.0,0.0,1.0,0.0,1.0,1.0,0.0,1
1.3202309349197616,2.5879420860867843,-0.34752063351224177,1.0711922092175268,0.12585811452325546,0.2882492132718029,0.9588311771355327,-1.6951771662137547,-0.03595929744785063,1.0,0.0,0.0,0.0,0.0,1.0,0.0,1.0,1.0,0.0,0.0,0.0,1.0,0.0,1.0,0.0,0.0,0.0,1.0,0.0,0.0,0.0,1.0,0.0,1.0,0.0,1.0,0.0,1.0,0.0,1.0,0.0,1.0,1.0,0.0,1.0,0.0,3
0.5830145058032845,2.5879420860867843,-0.08437695583675477,-0.7120706076716246,-0.8180777444011614,-0.7865499863509285,-0.14252693117675233,0.5073523938734247,-0.8079913655023788,0.0,1.0,0.0,0.0,0.0,1.0,0.0,1.0,0.0,0.0,1.0,0.0,1.0,0.0,1.0,0.0,1.0,0.0,0.0,0.0,0.0,0.0,1.0,0.0,1.0,0.0,1.0,1.0,0.0,0.0,1.0,0.0,1.0,0.0,1.0,0.0,1.0,1
-1.5233181488152214,-0.09715347718887411,-0.08437695583675477,-0.7120706076716246,-0.8180777444011614,-0.7865499863509285,-0.14252693117675233,1.354479147753109,-0.8079913655023788,0.0,1.0,0.0,1.0,0.0,0.0,1.0,0.0,1.0,0.0,0.0,1.0,0.0,0.0,1.0,0.0,1.0,0.0,0.0,0.0,1.0,0.0,0.0,1.0,0.0,1.0,0.0,1.0,0.0,1.0,0.0,1.0,0.0,0.0,1.0,1.0,0.0,0
-1.9445846797389226,-0.6565483862046363,-1.6256470679360358,1.8637534611682607,-0.8180777444011614,-0.7865499863509285,-1.6224316229685778,-1.2292574515799282,-0.8079913655023788,1.0,0.0,1.0,0.0,0.0,0.0,1.0,0.0,0.0,1.0,0.0,1.0,0.0,0.0,1.0,0.0,1.0,0.0,0.0,0.0,1.0,0.0,0.0,1.0,0.0,1.0,0.0,1.0,0.0,1.0,0.0,1.0,0.0,1.0,0.0,0.0,1.0,0
0.5830145058032845,1.0216363408426503,-0.6482562651413698,0.7541677084372331,0.6922196298779058,0.7507385658367359,-0.1014855286311389,-1.0598321008039913,0.5738151834223361,0.0,1.0,0.0,0.0,1.0,0.0,0.0,1.0,1.0,0.0,0.0,1.0,0.0,1.0,0.0,0.0,1.0,0.0,0.0,0.0,1.0,0.0,0.0,1.0,0.0,0.0,1.0,1.0,0.0,1.0,0.0,0.0,1.0,1.0,0.0,1.0,0.0,0
1.7414974658434628,2.140426158874175,-1.0241758046777798,-0.35541804429379437,2.0137298323720896,2.6332656488123076,-8.912234197631623e-05,-0.33977436000625966,1.3757564841375722,0.0,1.0,0.0,0.0,0.0,1.0,1.0,0.0,0.0,1.0,0.0,0.0,1.0,0.0,0.0,1.0,1.0,0.0,0.0,0.0,1.0,0.0,0.0,0.0,1.0,0.0,1.0,1.0,0.0,1.0,0.0,0.0,1.0,1.0,0.0,0.0,1.0,2
-1.1020516178915203,-0.6565483862046363,0.36672649160693727,-0.791326732866698,-0.8180777444011614,-0.7865499863509285,-0.08700032773268711,1.2697664723651405,-0.8079913655023788,1.0,0.0,0.0,1.0,0.0,0.0,1.0,0.0,1.0,0.0,0.0,1.0,0.0,0.0,1.0,0.0,1.0,0.0,0.0,0.0,1.0,0.0,0.0,1.0,0.0,1.0,0.0,1.0,0.0,1.0,0.0,1.0,0.0,0.0,1.0,1.0,0.0,0
-1.2073682506224455,1.0216363408426503,0.4043184455605782,-0.07802160611103746,-0.8180777444011614,-0.7865499863509285,0.912478534260487,0.549708731567409,-0.8079913655023788,0.0,1.0,0.0,1.0,0.0,0.0,1.0,0.0,1.0,0.0,0.0,1.0,0.0,0.0,1.0,0.0,1.0,0.0,0.0,0.0,1.0,0.0,0.0,1.0,0.0,1.0,0.0,1.0,0.0,1.0,0.0,0.0,1.0,0.0,1.0,1.0,0.0,0
-0.3648351887750431,0.4622414318268881,1.7764247648684748,-0.5139302946839411,1.541761902909881,1.249054558389093,1.8226319907132082,0.6767777446493616,1.7397144590775642,0.0,1.0,0.0,0.0,0.0,1.0,1.0,0.0,0.0,1.0,0.0,0.0,1.0,0.0,1.0,0.0,1.0,0.0,0.0,0.0,1.0,0.0,0.0,0.0,1.0,0.0,1.0,1.0,0.0,1.0,0.0,0.0,1.0,0.0,1.0,0.0,1.0,1
-0.04888529058226727,-0.43279042259833145,-0.06558097885993426,-0.6328144824765513,1.0697939734476725,0.9396426675886098,-0.3028298211196189,0.6767777446493616,1.1148054832372005,0.0,1.0,0.0,0.0,0.0,1.0,1.0,0.0,1.0,0.0,0.0,0.0,1.0,0.0,1.0,0.0,1.0,0.0,0.0,0.0,0.0,0.0,1.0,0.0,1.0,0.0,1.0,1.0,0.0,0.0,1.0,1.0,0.0,0.0,1.0,1.0,0.0,1
-1.9445846797389226,-0.09715347718887411,-1.6068510909592153,0.08049064427910932,-0.2517162290465113,-0.3142897319712435,-0.14252693117675233,-0.04327999614837013,-0.2716322445381803,0.0,1.0,0.0,0.0,1.0,0.0,1.0,0.0,0.0,1.0,0.0,1.0,0.0,0.0,1.0,0.0,1.0,0.0,0.0,0.0,1.0,0.0,0.0,1.0,0.0,0.0,1.0,1.0,0.0,1.0,0.0,1.0,0.0,1.0,0.0,0.0,1.0,0
-0.04888529058226727,0.5741204136300405,-0.3851125874658828,-1.068723171049455,-0.8180777444011614,-0.7865499863509285,-0.06623820644490619,1.142697459283188,-0.8079913655023788,0.0,1.0,0.0,0.0,0.0,1.0,1.0,0.0,0.0,0.0,1.0,0.0,1.0,1.0,0.0,0.0,1.0,0.0,0.0,0.0,0.0,0.0,1.0,0.0,1.0,0.0,1.0,1.0,0.0,0.0,1.0,0.0,1.0,1.0,0.0,0.0,1.0,0
-0.3648351887750431,-0.15309296809045034,-0.9489918967704978,0.9919360840224534,-0.8180777444011614,-0.7865499863509285,-0.8880319374170715,-0.9327630877220386,-0.8079913655023788,0.0,1.0,0.0,0.0,1.0,0.0,1.0,0.0,1.0,0.0,0.0,1.0,0.0,1.0,0.0,0.0,1.0,0.0,0.0,0.0,1.0,0.0,0.0,1.0,0.0,1.0,0.0,1.0,0.0,1.0,0.0,1.0,0.0,1.0,0.0,1.0,0.0,0
0.4776978730723592,2.699821067889937,2.753815567663141,-1.1083512336469916,0.12585811452325546,0.15797052240844153,4.59896216291647,0.9732721085072511,0.0705278843527739,1.0,0.0,0.0,1.0,0.0,0.0,1.0,0.0,1.0,0.0,0.0,0.0,1.0,0.0,1.0,0.0,1.0,0.0,0.0,0.0,0.0,0.0,1.0,1.0,0.0,0.0,1.0,1.0,0.0,0.0,1.0,0.0,1.0,0.0,1.0,1.0,0.0,1
0.8989644039960604,-0.20903245899202655,-0.7234401730486518,0.08049064427910932,-0.8180777444011614,-0.7865499863509285,-0.7262805273843598,-0.4668433730882123,-0.8079913655023788,0.0,1.0,0.0,1.0,0.0,0.0,0.0,1.0,0.0,0.0,1.0,1.0,0.0,1.0,0.0,0.0,1.0,0.0,0.0,0.0,1.0,0.0,0.0,1.0,0.0,1.0,0.0,1.0,0.0,1.0,0.0,1.0,0.0,1.0,0.0,0.0,1.0,0
0.05643134214865803,1.5810312498584125,-0.9677878737473182,-0.31578998169625766,0.12585811452325546,0.09283117697676083,-0.17391153312339788,0.2955707054035036,0.13560338434204444,0.0,1.0,0.0,1.0,0.0,0.0,1.0,0.0,0.0,1.0,0.0,1.0,0.0,1.0,0.0,0.0,1.0,0.0,0.0,0.0,1.0,0.0,0.0,1.0,0.0,0.0,1.0,1.0,0.0,1.0,0.0,0.0,1.0,1.0,0.0,0.0,1.0,0
-0.3648351887750431,1.0216363408426503,-0.06558097885993426,-0.395046106891331,1.6361554888023226,1.330478740178694,0.45981600618386825,0.549708731567409,1.841622692060762,0.0,1.0,0.0,0.0,0.0,1.0,1.0,0.0,0.0,0.0,1.0,1.0,0.0,0.0,1.0,0.0,1.0,0.0,0.0,0.0,0.0,0.0,1.0,0.0,1.0,0.0,1.0,1.0,0.0,0.0,1.0,0.0,1.0,0.0,1.0,0.0,1.0,4
1.3202309349197616,1.0216363408426503,-0.3851125874658828,-0.9498389832568448,1.6361554888023226,2.007927932668173,0.15200548709176756,0.46499605617944045,1.1992920114393946,1.0,0.0,1.0,0.0,0.0,0.0,1.0,0.0,1.0,0.0,0.0,1.0,0.0,0.0,0.0,1.0,1.0,0.0,0.0,0.0,1.0,0.0,0.0,1.0,0.0,0.0,1.0,1.0,0.0,1.0,0.0,0.0,1.0,1.0,0.0,1.0,0.0,0
-0.04888529058226727,-1.0481248225156699,4.163513840924678,-0.4346741694888677,-0.8180777444011614,-0.7865499863509285,2.443564269226842,0.46499605617944045,-0.8079913655023788,1.0,0.0,0.0,1.0,0.0,0.0,1.0,0.0,1.0,0.0,0.0,1.0,0.0,0.0,1.0,0.0,1.0,0.0,0.0,0.0,1.0,0.0,0.0,1.0,0.0,1.0,0.0,1.0,0.0,1.0,0.0,1.0,0.0,0.0,1.0,1.0,0.0,0
-0.3648351887750431,-0.6565483862046363,-0.08437695583675477,0.7145396458396964,-0.8180777444011614,-0.7865499863509285,-0.14252693117675233,-0.6362687238641491,-0.8079913655023788,0.0,1.0,0.0,0.0,0.0,1.0,1.0,0.0,0.0,1.0,0.0,0.0,1.0,1.0,0.0,0.0,1.0,0.0,0.0,0.0,0.0,1.0,0.0,0.0,1.0,0.0,1.0,1.0,0.0,1.0,0.0,1.0,0.0,0.0,1.0,0.0,1.0,3
0.2670646076105086,-0.43279042259833145,-0.4227045414195238,0.91267995882738,1.0697939734476725,1.037351685736131,-0.5872225987592226,-1.1021884384979757,1.0117985091975803,0.0,1.0,0.0,1.0,0.0,0.0,0.0,1.0,1.0,0.0,0.0,1.0,0.0,0.0,1.0,0.0,1.0,0.0,0.0,0.0,1.0,0.0,0.0,1.0,0.0,0.0,1.0,1.0,0.0,1.0,0.0,1.0,0.0,1.0,0.0,1.0,0.0,0
0.5830145058032845,0.12660448641743077,-0.7986240809559337,0.9523080214249167,-0.06292905726162788,-0.0179057102570963,-0.6403350020535458,-1.2716137892739123,-0.11708809104002134,0.0,1.0,1.0,0.0,0.0,0.0,1.0,0.0,1.0,0.0,0.0,1.0,0.0,1.0,0.0,0.0,0.0,0.0,1.0,0.0,1.0,0.0,0.0,1.0,0.0,0.0,1.0,0.0,1.0,1.0,0.0,1.0,0.0,1.0,0.0,1.0,0.0,1
0.1617479748795833,-0.09715347718887411,0.29154258369965524,0.6749115832421598,-0.8180777444011614,-0.7865499863509285,0.1713190882897033,-0.805694074640086,-0.8079913655023788,0.0,1.0,0.0,1.0,0.0,0.0,1.0,0.0,1.0,0.0,0.0,1.0,0.0,1.0,0.0,0.0,1.0,0.0,0.0,0.0,1.0,0.0,0.0,1.0,0.0,1.0,0.0,1.0,0.0,1.0,0.0,1.0,0.0,0.0,1.0,1.0,0.0,0
-0.04888529058226727,0.4622414318268881,-0.5730723572340878,0.1597467694741827,1.0697939734476725,0.9396426675886098,-0.2897931403110123,-0.17034900923032278,1.1148054832372005,1.0,0.0,0.0,1.0,0.0,0.0,1.0,0.0,1.0,0.0,0.0,0.0,1.0,0.0,1.0,0.0,1.0,0.0,0.0,0.0,1.0,0.0,0.0,1.0,0.0,0.0,1.0,1.0,0.0,1.0,0.0,0.0,1.0,1.0,0.0,1.0,0.0,0
-0.9967349851605949,1.0216363408426503,0.7802379850969883,0.4767712702544763,2.0137298323720896,1.3630484128945344,1.274608556721782,-0.12799267153633856,2.6661529407429976,0.0,1.0,0.0,1.0,0.0,0.0,1.0,0.0,1.0,0.0,0.0,0.0,1.0,0.0,1.0,0.0,1.0,0.0,0.0,0.0,1.0,0.0,0.0,1.0,0.0,0.0,1.0,1.0,0.0,1.0,0.0,0.0,1.0,0.0,1.0,1.0,0.0,1
1.2149143021888362,1.5810312498584125,-0.08437695583675477,-0.6328144824765513,-0.2517162290465113,-0.3142897319712435,-0.14252693117675233,0.16850169232155096,-0.2716322445381803,0.0,1.0,0.0,0.0,0.0,1.0,0.0,1.0,0.0,1.0,0.0,1.0,0.0,0.0,1.0,0.0,1.0,0.0,0.0,0.0,0.0,0.0,1.0,0.0,1.0,1.0,0.0,1.0,0.0,0.0,1.0,0.0,1.0,0.0,1.0,0.0,1.0,3
-0.47015182150596846,0.4622414318268881,-1.1181556895618823,1.3485886474002837,-0.8180777444011614,-0.7865499863509285,-0.7798757707086315,-1.2716137892739123,-0.8079913655023788,0.0,1.0,0.0,0.0,1.0,0.0,1.0,0.0,1.0,0.0,0.0,1.0,0.0,0.0,1.0,0.0,1.0,0.0,0.0,0.0,1.0,0.0,0.0,1.0,0.0,1.0,0.0,1.0,0.0,1.0,0.0,0.0,1.0,1.0,0.0,1.0,0.0,0
0.2670646076105086,1.0216363408426503,-0.6294602881645492,-0.5139302946839411,0.12585811452325546,0.12540084969260118,-0.08337902750807416,0.42263971848545623,0.10190357184760075,0.0,1.0,0.0,0.0,0.0,1.0,0.0,1.0,1.0,0.0,0.0,0.0,1.0,0.0,1.0,0.0,1.0,0.0,0.0,0.0,1.0,0.0,0.0,0.0,1.0,0.0,1.0,1.0,0.0,1.0,0.0,0.0,1.0,1.0,0.0,1.0,0.0,1
1.2149143021888362,-0.6565483862046363,-1.3061154593300872,0.08049064427910932,-0.44050340083139466,-0.36314424104500403,-1.3761832076948972,-0.593912386170165,-0.4944275717079243,0.0,1.0,0.0,0.0,0.0,1.0,1.0,0.0,1.0,0.0,0.0,1.0,0.0,1.0,0.0,0.0,1.0,0.0,0.0,0.0,0.0,0.0,1.0,0.0,1.0,0.0,1.0,1.0,0.0,0.0,1.0,1.0,0.0,1.0,0.0,1.0,0.0,0
0.4776978730723592,1.0216363408426503,0.44191039951421923,-1.068723171049455,-0.06292905726162788,-0.030933579343432393,0.9486915365066164,0.9309157708132668,-0.10517596561825654,0.0,1.0,0.0,0.0,0.0,1.0,1.0,0.0,0.0,0.0,1.0,0.0,1.0,1.0,0.0,0.0,1.0,0.0,0.0,0.0,0.0,0.0,1.0,0.0,1.0,0.0,1.0,1.0,0.0,0.0,1.0,0.0,1.0,0.0,1.0,0.0,1.0,3
-1.3126848833533709,-0.09715347718887411,-1.4000953442141897,-0.31578998169625766,1.0697939734476725,0.5488065949985257,-1.2409879993093471,0.8462030954252985,1.6775752926243948,0.0,1.0,0.0,0.0,0.0,1.0,1.0,0.0,0.0,1.0,0.0,1.0,0.0,0.0,1.0,0.0,1.0,0.0,0.0,0.0,1.0,0.0,0.0,0.0,1.0,0.0,1.0,1.0,0.0,1.0,0.0,1.0,0.0,1.0,0.0,0.0,1.0,1
-0.5754684542368937,-1.4397012588267033,0.31033856067647575,-1.1083512336469916,-0.8180777444011614,-0.7865499863509285,-0.5749101779955385,1.3968354854470932,-0.8079913655023788,0.0,1.0,0.0,0.0,0.0,1.0,0.0,1.0,1.0,0.0,0.0,1.0,0.0,0.0,1.0,0.0,1.0,0.0,0.0,0.0,1.0,0.0,0.0,0.0,1.0,1.0,0.0,1.0,0.0,1.0,0.0,1.0,0.0,0.0,1.0,1.0,0.0,1
-0.7861017196987443,-0.9362458407125174,-0.08437695583675477,-0.9894670458543815,0.5978260439854639,0.3371037223455634,-0.14252693117675233,1.354479147753109,0.8535559113975839,0.0,1.0,0.0,0.0,0.0,1.0,1.0,0.0,1.0,0.0,0.0,0.0,1.0,0.0,1.0,0.0,1.0,0.0,0.0,0.0,0.0,0.0,1.0,0.0,1.0,0.0,1.0,1.0,0.0,0.0,1.0,1.0,0.0,0.0,1.0,1.0,0.0,1
-0.9967349851605949,-1.327822277023551,-1.9827706304956252,1.4674728351928936,-0.2517162290465113,-0.35663030650183597,-2.101891772707332,-1.186901113885944,-0.1131625042533035,1.0,0.0,0.0,0.0,1.0,0.0,1.0,0.0,1.0,0.0,0.0,1.0,0.0,0.0,1.0,0.0,1.0,0.0,0.0,0.0,1.0,0.0,0.0,1.0,0.0,0.0,1.0,1.0,0.0,1.0,0.0,1.0,0.0,1.0,0.0,1.0,0.0,0
2.162763996767164,-0.09715347718887411,-0.08437695583675477,0.08049064427910932,-0.2517162290465113,-0.3142897319712435,-0.14252693117675233,-0.04327999614837013,-0.2716322445381803,0.0,1.0,0.0,0.0,1.0,0.0,1.0,0.0,1.0,0.0,0.0,1.0,0.0,0.0,1.0,0.0,1.0,0.0,0.0,0.0,1.0,0.0,0.0,1.0,0.0,0.0,1.0,1.0,0.0,1.0,0.0,1.0,0.0,0.0,1.0,1.0,0.0,0
0.7936477712651351,0.5741204136300405,-0.8738079888632158,-1.5046318596223585,0.5978260439854639,0.7035125403987673,-0.5118995540872732,1.2697664723651405,0.44497871215988816,0.0,1.0,1.0,0.0,0.0,0.0,0.0,1.0,0.0,1.0,0.0,1.0,0.0,0.0,0.0,1.0,1.0,0.0,0.0,0.0,1.0,0.0,0.0,1.0,0.0,0.0,1.0,1.0,0.0,1.0,0.0,0.0,1.0,1.0,0.0,0.0,1.0,3
1.109597669457911,-0.09715347718887411,1.1185655706797573,0.08049064427910932,-0.2517162290465113,-0.3142897319712435,-0.14252693117675233,-0.04327999614837013,-0.2716322445381803,0.0,1.0,0.0,0.0,0.0,1.0,0.0,1.0,0.0,1.0,0.0,1.0,0.0,0.0,1.0,0.0,1.0,0.0,0.0,0.0,1.0,0.0,0.0,0.0,1.0,0.0,1.0,1.0,0.0,1.0,0.0,1.0,0.0,0.0,1.0,0.0,1.0,3
-0.47015182150596846,-0.20903245899202655,-0.6482562651413698,-1.6631441100125053,-0.8180777444011614,-0.7865499863509285,-0.6644770035509655,1.947467875468888,-0.8079913655023788,0.0,1.0,0.0,0.0,0.0,1.0,1.0,0.0,1.0,0.0,0.0,0.0,1.0,0.0,1.0,0.0,1.0,0.0,0.0,0.0,1.0,0.0,0.0,0.0,1.0,0.0,1.0,1.0,0.0,1.0,0.0,1.0,0.0,1.0,0.0,1.0,0.0,1
-1.5233181488152214,0.4622414318268881,1.4005052253320647,1.7448692733756506,-0.8180777444011614,-0.7865499863509285,1.484643969749333,-1.2716137892739123,-0.8079913655023788,0.0,1.0,0.0,0.0,1.0,0.0,1.0,0.0,0.0,0.0,1.0,1.0,0.0,1.0,0.0,0.0,1.0,0.0,0.0,0.0,1.0,0.0,0.0,1.0,0.0,1.0,0.0,1.0,0.0,1.0,0.0,0.0,1.0,0.0,1.0,0.0,1.0,0
-0.9967349851605949,-0.6565483862046363,-1.1745436204923438,0.1597467694741827,0.12585811452325546,-0.0700171866024409,-1.2747868014057346,0.21085803001553516,0.35005673657941344,0.0,1.0,0.0,1.0,0.0,0.0,1.0,0.0,1.0,0.0,0.0,1.0,0.0,0.0,1.0,0.0,1.0,0.0,0.0,0.0,1.0,0.0,0.0,1.0,0.0,0.0,1.0,1.0,0.0,1.0,0.0,1.0,0.0,1.0,0.0,1.0,0.0,0
0.5830145058032845,2.5879420860867843,0.44191039951421923,0.2786309572667928,3.14645286308139,3.2488324631416905,1.8612591931090798,-0.5515560484761808,2.8192508254249975,0.0,1.0,1.0,0.0,0.0,0.0,1.0,0.0,0.0,0.0,1.0,1.0,0.0,0.0,0.0,1.0,1.0,0.0,0.0,0.0,0.0,0.0,1.0,1.0,0.0,0.0,1.0,1.0,0.0,0.0,1.0,0.0,1.0,0.0,1.0,0.0,1.0,0
-0.47015182150596846,-0.6565483862046363,-1.0993597125850618,0.04086258168157263,1.0697939734476725,0.8093639767252484,-1.2168459978119273,0.12614535462756674,1.2717684912975744,0.0,1.0,0.0,0.0,1.0,0.0,1.0,0.0,1.0,0.0,0.0,1.0,0.0,0.0,1.0,0.0,0.0,0.0,0.0,1.0,0.0,0.0,1.0,1.0,0.0,0.0,1.0,0.0,1.0,0.0,1.0,1.0,0.0,1.0,0.0,1.0,0.0,3
1.2149143021888362,-0.09715347718887411,0.5358902843983218,-0.9102109206593081,0.12585811452325546,0.27196437691388275,0.37531900094289944,0.46499605617944045,-0.024081881016242486,0.0,1.0,0.0,0.0,0.0,1.0,1.0,0.0,0.0,1.0,0.0,0.0,1.0,0.0,1.0,0.0,1.0,0.0,0.0,0.0,1.0,0.0,0.0,0.0,1.0,0.0,1.0,1.0,0.0,1.0,0.0,1.0,0.0,0.0,1.0,0.0,1.0,1
0.1617479748795833,-0.6565483862046363,-0.08437695583675477,-0.5139302946839411,1.541761902909881,1.4526150128630952,-0.14252693117675233,0.46499605617944045,1.5081048386612057,0.0,1.0,0.0,0.0,1.0,0.0,1.0,0.0,0.0,1.0,0.0,0.0,1.0,0.0,1.0,0.0,1.0,0.0,0.0,0.0,0.0,0.0,1.0,1.0,0.0,0.0,1.0,1.0,0.0,0.0,1.0,1.0,0.0,0.0,1.0,0.0,1.0,1
0.7936477712651351,-1.2159432952203986,-0.08437695583675477,-0.9894670458543815,0.5034324580930222,0.6041750386154541,-0.14252693117675233,0.7191340823433457,0.3614473736490703,0.0,1.0,0.0,0.0,0.0,1.0,1.0,0.0,1.0,0.0,0.0,1.0,0.0,0.0,1.0,0.0,1.0,0.0,0.0,0.0,1.0,0.0,0.0,0.0,1.0,0.0,1.0,1.0,0.0,1.0,0.0,1.0,0.0,0.0,1.0,1.0,0.0,1
-0.7861017196987443,-0.09715347718887411,-0.46029649537316475,-1.0290951084519182,-0.8180777444011614,-0.7865499863509285,-0.45637295064320793,1.3968354854470932,-0.8079913655023788,0.0,1.0,0.0,0.0,0.0,1.0,1.0,0.0,1.0,0.0,0.0,1.0,0.0,0.0,1.0,0.0,1.0,0.0,0.0,0.0,1.0,0.0,0.0,0.0,1.0,1.0,0.0,1.0,0.0,1.0,0.0,1.0,0.0,1.0,0.0,1.0,0.0,1
0.2670646076105086,-0.09715347718887411,-0.7234401730486518,0.08049064427910932,-0.2517162290465113,-0.3142897319712435,-0.14252693117675233,-0.04327999614837013,-0.2716322445381803,0.0,1.0,0.0,0.0,1.0,0.0,0.0,1.0,0.0,1.0,0.0,1.0,0.0,0.0,1.0,0.0,1.0,0.0,0.0,0.0,1.0,0.0,0.0,1.0,0.0,0.0,1.0,1.0,0.0,1.0,0.0,1.0,0.0,1.0,0.0,0.0,1.0,4
1.0042810367269857,1.0216363408426503,3.0169592453386276,0.6352835206446231,2.9576656912965062,3.317228775844955,3.4292821903664867,-1.1021884384979757,2.427190633964215,1.0,0.0,0.0,0.0,0.0,1.0,1.0,0.0,0.0,0.0,1.0,1.0,0.0,0.0,1.0,0.0,0.0,0.0,0.0,1.0,0.0,0.0,1.0,0.0,1.0,0.0,1.0,0.0,1.0,0.0,1.0,0.0,1.0,0.0,1.0,0.0,1.0,4
0.1617479748795833,0.4622414318268881,0.9118098239347318,-0.07802160611103746,-0.8180777444011614,-0.7865499863509285,1.0452595424962952,-0.0009236584543859159,-0.8079913655023788,0.0,1.0,1.0,0.0,0.0,0.0,1.0,0.0,1.0,0.0,0.0,1.0,0.0,0.0,1.0,0.0,1.0,0.0,0.0,0.0,1.0,0.0,0.0,1.0,0.0,1.0,0.0,1.0,0.0,1.0,0.0,0.0,1.0,0.0,1.0,1.0,0.0,1
0.1617479748795833,0.4622414318268881,-0.08437695583675477,-2.1783089237804822,-0.8180777444011614,-0.7865499863509285,-0.14252693117675233,2.2439622393267777,-0.8079913655023788,0.0,1.0,0.0,0.0,0.0,1.0,1.0,0.0,1.0,0.0,0.0,1.0,0.0,0.0,1.0,0.0,1.0,0.0,0.0,0.0,0.0,0.0,1.0,0.0,1.0,1.0,0.0,1.0,0.0,0.0,1.0,0.0,1.0,0.0,1.0,1.0,0.0,2
-1.6286347815461466,1.0216363408426503,-0.08437695583675477,-0.7120706076716246,-0.2517162290465113,-0.3142897319712435,-0.14252693117675233,1.3968354854470932,-0.2716322445381803,0.0,1.0,0.0,0.0,0.0,1.0,1.0,0.0,1.0,0.0,0.0,0.0,1.0,0.0,1.0,0.0,1.0,0.0,0.0,0.0,1.0,0.0,0.0,0.0,1.0,0.0,1.0,1.0,0.0,1.0,0.0,0.0,1.0,0.0,1.0,1.0,0.0,1
2.268080629498089,1.5810312498584125,1.1937494785870393,-1.0290951084519182,1.0697939734476725,1.6561754673370974,2.0471526046392112,0.16850169232155096,0.5507850742735908,0.0,1.0,0.0,0.0,0.0,1.0,0.0,1.0,1.0,0.0,0.0,0.0,1.0,0.0,0.0,1.0,1.0,0.0,0.0,0.0,0.0,0.0,1.0,0.0,1.0,0.0,1.0,1.0,0.0,0.0,1.0,0.0,1.0,0.0,1.0,1.0,0.0,0
-0.47015182150596846,0.12660448641743077,0.46070637649103974,0.9523080214249167,-0.8180777444011614,-0.7865499863509285,0.4433994451656229,-0.8480504123340703,-0.8079913655023788,1.0,0.0,0.0,1.0,0.0,0.0,1.0,0.0,1.0,0.0,0.0,1.0,0.0,0.0,1.0,0.0,1.0,0.0,0.0,0.0,1.0,0.0,0.0,1.0,0.0,1.0,0.0,1.0,0.0,1.0,0.0,1.0,0.0,0.0,1.0,1.0,0.0,0
0.6883311385342098,-0.09715347718887411,0.12237879090827074,0.23900289466925612,0.5034324580930222,0.581376267714366,0.030088379529798263,-0.5515560484761808,0.38093801930159443,0.0,1.0,0.0,0.0,0.0,1.0,1.0,0.0,1.0,0.0,0.0,0.0,1.0,1.0,0.0,0.0,0.0,1.0,0.0,0.0,0.0,0.0,1.0,0.0,1.0,0.0,1.0,0.0,1.0,0.0,1.0,1.0,0.0,0.0,1.0,1.0,0.0,1
-0.47015182150596846,-0.43279042259833145,-0.8550120118863953,1.03156414661999,-0.8180777444011614,-0.7865499863509285,-0.931487540112427,-0.9327630877220386,-0.8079913655023788,1.0,0.0,0.0,1.0,0.0,0.0,1.0,0.0,1.0,0.0,0.0,1.0,0.0,0.0,1.0,0.0,1.0,0.0,0.0,0.0,1.0,0.0,0.0,1.0,0.0,1.0,0.0,1.0,0.0,1.0,0.0,1.0,0.0,1.0,0.0,1.0,0.0,0
0.05643134214865803,-0.43279042259833145,0.36672649160693727,-1.1479792962445283,1.2585811452325562,1.1480885729699883,0.041435120233585504,1.1850537969771722,1.2679170841553526,0.0,1.0,0.0,0.0,0.0,1.0,1.0,0.0,0.0,0.0,1.0,0.0,1.0,0.0,1.0,0.0,0.0,1.0,0.0,0.0,0.0,0.0,1.0,0.0,1.0,0.0,1.0,0.0,1.0,0.0,1.0,1.0,0.0,0.0,1.0,0.0,1.0,1
0.6883311385342098,-0.3768509316967552,-0.08437695583675477,-1.1083512336469916,-0.7236841585087198,-0.6888409682034075,-0.14252693117675233,0.8885594331192826,-0.7230678380163806,0.0,1.0,0.0,0.0,0.0,1.0,1.0,0.0,1.0,0.0,0.0,1.0,0.0,1.0,0.0,0.0,0.0,0.0,1.0,0.0,1.0,0.0,0.0,0.0,1.0,0.0,1.0,0.0,1.0,1.0,0.0,1.0,0.0,0.0,1.0,1.0,0.0,3
-1.5233181488152214,-0.09715347718887411,1.1373615476565777,0.08049064427910932,-0.8180777444011614,-0.7865499863509285,0.8774726320892284,0.5073523938734247,-0.8079913655023788,0.0,1.0,0.0,0.0,0.0,1.0,1.0,0.0,1.0,0.0,0.0,1.0,0.0,0.0,1.0,0.0,1.0,0.0,0.0,0.0,1.0,0.0,0.0,0.0,1.0,1.0,0.0,1.0,0.0,1.0,0.0,1.0,0.0,0.0,1.0,1.0,0.0,0
1.109597669457911,-0.3768509316967552,1.1749535016102188,-0.27616191909872095,0.881006801662789,1.0894631620814754,0.7223602724683071,-0.17034900923032278,0.625093160823839,0.0,1.0,0.0,0.0,1.0,0.0,1.0,0.0,1.0,0.0,0.0,0.0,1.0,0.0,1.0,0.0,1.0,0.0,0.0,0.0,0.0,0.0,1.0,1.0,0.0,0.0,1.0,1.0,0.0,0.0,1.0,1.0,0.0,0.0,1.0,1.0,0.0,1
-0.25951855604411783,0.4622414318268881,1.1561575246333982,0.1597467694741827,0.5978260439854639,0.4592399950299647,1.264951756122814,-0.08563633384235435,0.6906591195446464,1.0,0.0,0.0,0.0,1.0,0.0,1.0,0.0,0.0,0.0,1.0,1.0,0.0,1.0,0.0,0.0,0.0,1.0,0.0,0.0,1.0,0.0,0.0,1.0,0.0,0.0,1.0,0.0,1.0,1.0,0.0,0.0,1.0,0.0,1.0,0.0,1.0,0
-0.7861017196987443,-0.6565483862046363,0.5734822383519628,-0.5139302946839411,0.12585811452325546,-0.03744751388660055,0.07233688215028268,0.8462030954252985,0.29970681909759633,0.0,1.0,0.0,0.0,0.0,1.0,1.0,0.0,1.0,0.0,0.0,0.0,1.0,0.0,1.0,0.0,1.0,0.0,0.0,0.0,1.0,0.0,0.0,0.0,1.0,0.0,1.0,1.0,0.0,1.0,0.0,1.0,0.0,0.0,1.0,1.0,0.0,1
-0.3648351887750431,-1.2159432952203986,-0.8362160349095747,0.2786309572667928,-0.8180777444011614,-0.7865499863509285,-1.2578874003575409,-0.17034900923032278,-0.8079913655023788,1.0,0.0,0.0,1.0,0.0,0.0,1.0,0.0,1.0,0.0,0.0,1.0,0.0,0.0,1.0,0.0,1.0,0.0,0.0,0.0,1.0,0.0,0.0,1.0,0.0,1.0,0.0,1.0,0.0,1.0,0.0,1.0,0.0,1.0,0.0,1.0,0.0,0
1.0042810367269857,-0.09715347718887411,-0.08437695583675477,-1.068723171049455,-0.8180777444011614,-0.7865499863509285,-0.14252693117675233,0.7191340823433457,-0.8079913655023788,0.0,1.0,0.0,0.0,1.0,0.0,1.0,0.0,0.0,1.0,0.0,0.0,1.0,0.0,1.0,0.0,1.0,0.0,0.0,0.0,1.0,0.0,0.0,1.0,0.0,0.0,1.0,1.0,0.0,1.0,0.0,1.0,0.0,0.0,1.0,0.0,1.0,3
-0.5754684542368937,1.5810312498584125,1.5508730411466287,-1.821656360402652,0.5978260439854639,0.38595823141932395,2.41411102739999,2.159249563938809,0.7843247748600854,0.0,1.0,0.0,0.0,0.0,1.0,1.0,0.0,1.0,0.0,0.0,0.0,1.0,0.0,1.0,0.0,1.0,0.0,0.0,0.0,1.0,0.0,0.0,0.0,1.0,0.0,1.0,1.0,0.0,1.0,0.0,0.0,1.0,0.0,1.0,1.0,0.0,1
-0.3648351887750431,-0.6565483862046363,-0.04678500188311376,0.9523080214249167,0.22025170041569722,0.10911601333468111,-0.40567474749862664,-0.8904067500280545,0.3129991973127962,1.0,0.0,0.0,1.0,0.0,0.0,1.0,0.0,1.0,0.0,0.0,1.0,0.0,1.0,0.0,0.0,1.0,0.0,0.0,0.0,1.0,0.0,0.0,1.0,0.0,0.0,1.0,1.0,0.0,1.0,0.0,1.0,0.0,0.0,1.0,1.0,0.0,0
-0.5754684542368937,-0.43279042259833145,0.5170943074215012,1.1108202718150635,-0.346109814938953,-0.39571391376084436,0.16117944766078704,-0.9751194254160229,-0.2772193187148907,0.0,1.0,0.0,0.0,0.0,1.0,1.0,0.0,0.0,0.0,1.0,1.0,0.0,0.0,1.0,0.0,1.0,0.0,0.0,0.0,0.0,0.0,1.0,0.0,1.0,0.0,1.0,1.0,0.0,0.0,1.0,1.0,0.0,0.0,1.0,0.0,1.0,3
1.2149143021888362,-0.09715347718887411,-0.08437695583675477,0.08049064427910932,-0.2517162290465113,-0.3142897319712435,-0.14252693117675233,-0.04327999614837013,-0.2716322445381803,0.0,1.0,0.0,0.0,0.0,1.0,1.0,0.0,1.0,0.0,0.0,1.0,0.0,0.0,1.0,0.0,1.0,0.0,0.0,0.0,1.0,0.0,0.0,0.0,1.0,0.0,1.0,1.0,0.0,1.0,0.0,1.0,0.0,0.0,1.0,1.0,0.0,1
-1.733951414277072,-0.09715347718887411,-1.3812993672373692,1.824125398570724,-0.8180777444011614,-0.7865499863509285,-1.2252956983360241,-1.2716137892739123,-0.8079913655023788,1.0,0.0,0.0,0.0,0.0,1.0,1.0,0.0,0.0,1.0,0.0,1.0,0.0,0.0,1.0,0.0,1.0,0.0,0.0,0.0,1.0,0.0,0.0,0.0,1.0,1.0,0.0,1.0,0.0,1.0,0.0,1.0,0.0,1.0,0.0,0.0,1.0,0
-0.15420192331319255,-0.6565483862046363,1.4756891332393467,1.3485886474002837,-0.6292905726162781,-0.6171876882285587,0.767626525275969,-1.398682802355865,-0.6120139943808447,0.0,1.0,0.0,1.0,0.0,0.0,1.0,0.0,1.0,0.0,0.0,1.0,0.0,1.0,0.0,0.0,1.0,0.0,0.0,0.0,1.0,0.0,0.0,1.0,0.0,0.0,1.0,1.0,0.0,1.0,0.0,1.0,0.0,0.0,1.0,1.0,0.0,0
0.5830145058032845,-0.5446694044014839,-0.25354074862813925,-0.8309547954642347,0.4090388722005806,0.4624969623015488,-0.5087610938926086,0.6344214069553773,0.31472645549895195,0.0,1.0,0.0,0.0,0.0,1.0,1.0,0.0,1.0,0.0,0.0,0.0,1.0,0.0,0.0,1.0,1.0,0.0,0.0,0.0,1.0,0.0,0.0,0.0,1.0,0.0,1.0,1.0,0.0,1.0,0.0,1.0,0.0,1.0,0.0,1.0,0.0,1
-1.418001516084296,-0.3768509316967552,-0.08437695583675477,1.0711922092175268,-0.8180777444011614,-0.7865499863509285,-0.14252693117675233,-0.593912386170165,-0.8079913655023788,0.0,1.0,0.0,0.0,0.0,1.0,0.0,1.0,1.0,0.0,0.0,1.0,0.0,0.0,1.0,0.0,1.0,0.0,0.0,0.0,0.0,0.0,1.0,0.0,1.0,1.0,0.0,1.0,0.0,0.0,1.0,1.0,0.0,0.0,1.0,1.0,0.0,1
0.5830145058032845,-0.09715347718887411,-1.0993597125850618,-0.5535583572814778,0.12585811452325546,0.1742553587663617,-0.9899111837361825,0.33792704309748783,0.05563772757556793,1.0,0.0,0.0,1.0,0.0,0.0,1.0,0.0,1.0,0.0,0.0,1.0,0.0,0.0,1.0,0.0,1.0,0.0,0.0,0.0,1.0,0.0,0.0,1.0,0.0,0.0,1.0,1.0,0.0,1.0,0.0,1.0,0.0,1.0,0.0,1.0,0.0,0
-0.47015182150596846,-0.09715347718887411,-0.7610321270022927,1.2693325222052103,-0.8180777444011614,-0.7865499863509285,-0.7074497662163725,-1.186901113885944,-0.8079913655023788,0.0,1.0,0.0,0.0,0.0,1.0,1.0,0.0,1.0,0.0,0.0,1.0,0.0,0.0,1.0,0.0,1.0,0.0,0.0,0.0,1.0,0.0,0.0,0.0,1.0,1.0,0.0,1.0,0.0,1.0,0.0,1.0,0.0,1.0,0.0,1.0,0.0,1
0.2670646076105086,-0.09715347718887411,-0.47909247234998525,0.9919360840224534,-0.8180777444011614,-0.7865499863509285,-0.47206525161653073,-1.186901113885944,-0.8079913655023788,0.0,1.0,0.0,1.0,0.0,0.0,1.0,0.0,0.0,0.0,1.0,1.0,0.0,1.0,0.0,0.0,1.0,0.0,0.0,0.0,0.0,0.0,1.0,1.0,0.0,1.0,0.0,1.0,0.0,0.0,1.0,1.0,0.0,1.0,0.0,0.0,1.0,0
0.4776978730723592,-1.2159432952203986,-0.9113999428168568,-1.1083512336469916,-0.8180777444011614,-0.7865499863509285,-1.310999803651864,0.9732721085072511,-0.8079913655023788,0.0,1.0,0.0,0.0,0.0,1.0,1.0,0.0,1.0,0.0,0.0,1.0,0.0,0.0,1.0,0.0,1.0,0.0,0.0,0.0,1.0,0.0,0.0,0.0,1.0,1.0,0.0,1.0,0.0,1.0,0.0,1.0,0.0,1.0,0.0,1.0,0.0,1
0.8989644039960604,-1.104064313417246,0.21635867579237325,0.4767712702544763,-0.2517162290465113,-0.3142897319712435,-0.4520273903736724,-0.8904067500280545,-0.2716322445381803,0.0,1.0,1.0,0.0,0.0,0.0,1.0,0.0,0.0,1.0,0.0,0.0,1.0,0.0,1.0,0.0,1.0,0.0,0.0,0.0,1.0,0.0,0.0,1.0,0.0,0.0,1.0,1.0,0.0,1.0,0.0,1.0,0.0,0.0,1.0,0.0,1.0,1
-0.3648351887750431,-0.6565483862046363,-0.5166844263036263,0.7937957710347698,0.6922196298779058,0.5162369222826854,-0.7678047699599216,-0.7209813992521176,0.8225403622287847,1.0,0.0,0.0,0.0,1.0,0.0,1.0,0.0,1.0,0.0,0.0,1.0,0.0,0.0,1.0,0.0,1.0,0.0,0.0,0.0,1.0,0.0,0.0,1.0,0.0,0.0,1.0,1.0,0.0,1.0,0.0,1.0,0.0,1.0,0.0,1.0,0.0,0
-0.15420192331319255,-0.7684273680077888,-1.1369516665387027,2.061893774155944,-0.8180777444011614,-0.7865499863509285,-1.2907205223940315,-2.161096880847581,-0.8079913655023788,0.0,1.0,1.0,0.0,0.0,0.0,1.0,0.0,0.0,0.0,1.0,1.0,0.0,0.0,1.0,0.0,1.0,0.0,0.0,0.0,0.0,1.0,0.0,1.0,0.0,1.0,0.0,1.0,0.0,1.0,0.0,1.0,0.0,1.0,0.0,0.0,1.0,0
-1.2073682506224455,-0.6565483862046363,-0.7046441960718313,1.3882167099978202,-0.8180777444011614,-0.7865499863509285,-0.9126567789444396,-1.017475763110007,-0.8079913655023788,1.0,0.0,0.0,0.0,1.0,0.0,1.0,0.0,1.0,0.0,0.0,1.0,0.0,0.0,1.0,0.0,1.0,0.0,0.0,0.0,1.0,0.0,0.0,1.0,0.0,1.0,0.0,1.0,0.0,1.0,0.0,1.0,0.0,1.0,0.0,1.0,0.0,0
1.0042810367269857,1.5810312498584125,0.3855224685837577,-1.980168610792799,1.0697939734476725,1.2653393947470133,1.2166677531279748,1.6933298493049829,0.8095996342309182,0.0,1.0,0.0,0.0,0.0,1.0,0.0,1.0,0.0,1.0,0.0,0.0,1.0,0.0,1.0,0.0,1.0,0.0,0.0,0.0,1.0,0.0,0.0,0.0,1.0,0.0,1.0,1.0,0.0,1.0,0.0,0.0,1.0,0.0,1.0,0.0,1.0,3
1.4255475676506868,-0.9362458407125174,5.967927630699446,0.8730518962298432,0.6922196298779058,0.9591844712181141,3.8891873188923314,-1.5257518154378178,0.4088233566850566,1.0,0.0,0.0,0.0,1.0,0.0,1.0,0.0,0.0,0.0,1.0,1.0,0.0,0.0,1.0,0.0,1.0,0.0,0.0,0.0,0.0,0.0,1.0,1.0,0.0,0.0,1.0,1.0,0.0,0.0,1.0,1.0,0.0,0.0,1.0,0.0,1.0,0
-0.15420192331319255,-0.09715347718887411,-0.08437695583675477,-0.7120706076716246,-0.8180777444011614,-0.7865499863509285,-0.14252693117675233,0.8038467577313142,-0.8079913655023788,0.0,1.0,0.0,0.0,0.0,1.0,1.0,0.0,1.0,0.0,0.0,1.0,0.0,0.0,1.0,0.0,1.0,0.0,0.0,0.0,0.0,0.0,1.0,0.0,1.0,1.0,0.0,1.0,0.0,0.0,1.0,1.0,0.0,0.0,1.0,1.0,0.0,2
-0.15420192331319255,-0.3768509316967552,0.47950235346786024,0.04086258168157263,-0.8180777444011614,-0.7865499863509285,0.1640764878404774,-0.0009236584543859159,-0.8079913655023788,1.0,0.0,0.0,0.0,1.0,0.0,1.0,0.0,1.0,0.0,0.0,1.0,0.0,0.0,1.0,0.0,1.0,0.0,0.0,0.0,1.0,0.0,0.0,1.0,0.0,1.0,0.0,1.0,0.0,1.0,0.0,1.0,0.0,0.0,1.0,1.0,0.0,0
-0.25951855604411783,-0.6565483862046363,0.9118098239347318,0.7541677084372331,-0.2517162290465113,-0.28823399379857123,0.33307049832241503,-0.7209813992521176,-0.2085311714835687,1.0,0.0,0.0,0.0,1.0,0.0,1.0,0.0,0.0,0.0,1.0,1.0,0.0,1.0,0.0,0.0,1.0,0.0,0.0,0.0,1.0,0.0,0.0,1.0,0.0,0.0,1.0,1.0,0.0,1.0,0.0,1.0,0.0,0.0,1.0,0.0,1.0,0
1.2149143021888362,1.0216363408426503,-0.4039085644427033,-0.9498389832568448,0.12585811452325546,0.27196437691388275,0.1338989859687028,0.5073523938734247,-0.024081881016242486,1.0,0.0,0.0,0.0,0.0,1.0,1.0,0.0,0.0,0.0,1.0,1.0,0.0,0.0,1.0,0.0,0.0,0.0,0.0,1.0,0.0,0.0,1.0,0.0,1.0,0.0,1.0,0.0,1.0,0.0,1.0,0.0,1.0,1.0,0.0,0.0,1.0,4
1.9521307313053133,1.5810312498584125,-0.08437695583675477,-0.9498389832568448,0.6922196298779058,1.0894631620814754,-0.14252693117675233,0.21085803001553516,0.32432233431092916,0.0,1.0,0.0,0.0,1.0,0.0,1.0,0.0,0.0,0.0,1.0,1.0,0.0,0.0,1.0,0.0,0.0,0.0,1.0,0.0,1.0,0.0,0.0,1.0,0.0,0.0,1.0,0.0,1.0,1.0,0.0,0.0,1.0,0.0,1.0,0.0,1.0,0
0.8989644039960604,-0.09715347718887411,-1.4376872981678308,-0.7120706076716246,2.0137298323720896,2.2424295762222237,-0.14252693117675233,0.38028338079147206,1.6575304002201465,0.0,1.0,0.0,0.0,0.0,1.0,1.0,0.0,0.0,1.0,0.0,0.0,1.0,0.0,1.0,0.0,1.0,0.0,0.0,0.0,1.0,0.0,0.0,0.0,1.0,0.0,1.0,1.0,0.0,1.0,0.0,1.0,0.0,1.0,0.0,0.0,1.0,4
1.7414974658434628,1.5810312498584125,0.4231144225373987,-1.0290951084519182,1.9193362464796477,2.5192717943068668,1.2552949555238462,0.38028338079147206,1.3029648891495738,0.0,1.0,0.0,0.0,1.0,0.0,1.0,0.0,1.0,0.0,0.0,0.0,1.0,0.0,1.0,0.0,0.0,1.0,0.0,0.0,0.0,0.0,1.0,1.0,0.0,0.0,1.0,0.0,1.0,0.0,1.0,0.0,1.0,0.0,1.0,1.0,0.0,3
-0.04888529058226727,-0.6565483862046363,-0.08437695583675477,-1.702772172610042,-0.8180777444011614,-0.7865499863509285,-0.14252693117675233,1.8203988623869354,-0.8079913655023788,0.0,1.0,0.0,1.0,0.0,0.0,1.0,0.0,1.0,0.0,0.0,1.0,0.0,0.0,1.0,0.0,1.0,0.0,0.0,0.0,1.0,0.0,0.0,1.0,0.0,1.0,0.0,1.0,0.0,1.0,0.0,1.0,0.0,0.0,1.0,1.0,0.0,3
0.2670646076105086,3.818610885921461,0.7802379850969883,-0.19690579390364754,2.9576656912965062,2.8612533578231902,3.0128326645359977,0.08378901693358252,2.831588383897539,1.0,0.0,0.0,0.0,0.0,1.0,0.0,1.0,0.0,0.0,1.0,0.0,1.0,0.0,0.0,1.0,0.0,0.0,1.0,0.0,0.0,0.0,1.0,0.0,1.0,0.0,1.0,0.0,1.0,0.0,1.0,0.0,1.0,0.0,1.0,0.0,1.0,3
-0.25951855604411783,-1.2159432952203986,-0.08437695583675477,-1.821656360402652,-0.8180777444011614,-0.7865499863509285,-0.14252693117675233,2.0321805508568564,-0.8079913655023788,0.0,1.0,0.0,0.0,0.0,1.0,1.0,0.0,1.0,0.0,0.0,1.0,0.0,0.0,1.0,0.0,1.0,0.0,0.0,0.0,1.0,0.0,0.0,0.0,1.0,1.0,0.0,1.0,0.0,1.0,0.0,1.0,0.0,0.0,1.0,1.0,0.0,4
-1.1020516178915203,1.0216363408426503,-1.1369516665387027,0.6352835206446231,-0.8180777444011614,-0.7865499863509285,-0.5722545578308224,-0.2550616846182912,-0.8079913655023788,1.0,0.0,0.0,1.0,0.0,0.0,1.0,0.0,1.0,0.0,0.0,1.0,0.0,0.0,1.0,0.0,1.0,0.0,0.0,0.0,1.0,0.0,0.0,1.0,0.0,1.0,0.0,1.0,0.0,1.0,0.0,0.0,1.0,1.0,0.0,1.0,0.0,0
0.6883311385342098,-0.6565483862046363,-0.08437695583675477,-0.19690579390364754,1.0697939734476725,1.1676303765994922,-0.14252693117675233,-0.08563633384235435,0.8904791842175831,0.0,1.0,0.0,0.0,0.0,1.0,1.0,0.0,1.0,0.0,0.0,0.0,1.0,1.0,0.0,0.0,1.0,0.0,0.0,0.0,0.0,0.0,1.0,0.0,1.0,0.0,1.0,1.0,0.0,0.0,1.0,1.0,0.0,0.0,1.0,1.0,0.0,0
-1.5233181488152214,-1.2159432952203986,0.6298701692824242,0.4767712702544763,-0.8180777444011614,-0.7865499863509285,-0.22219553611823722,0.08378901693358252,-0.8079913655023788,0.0,1.0,0.0,0.0,0.0,1.0,1.0,0.0,1.0,0.0,0.0,1.0,0.0,0.0,1.0,0.0,1.0,0.0,0.0,0.0,0.0,1.0,0.0,0.0,1.0,1.0,0.0,1.0,0.0,1.0,0.0,1.0,0.0,0.0,1.0,1.0,0.0,1
1.109597669457911,1.0216363408426503,-1.0053798277009593,-0.11764966870857416,-0.346109814938953,-0.265435222897483,-0.44550904996936913,-0.33977436000625966,-0.4099123304117627,0.0,1.0,0.0,0.0,0.0,1.0,1.0,0.0,0.0,1.0,0.0,0.0,1.0,0.0,1.0,0.0,1.0,0.0,0.0,0.0,1.0,0.0,0.0,0.0,1.0,0.0,1.0,1.0,0.0,1.0,0.0,0.0,1.0,1.0,0.0,0.0,1.0,2
-1.3126848833533709,-1.4956407497282795,-0.9113999428168568,1.190076397010137,-0.8180777444011614,-0.7865499863509285,-1.4305027110640913,-0.7633377369461019,-0.8079913655023788,1.0,0.0,0.0,1.0,0.0,0.0,1.0,0.0,1.0,0.0,0.0,1.0,0.0,1.0,0.0,0.0,0.0,1.0,0.0,0.0,1.0,0.0,0.0,1.0,0.0,1.0,0.0,0.0,1.0,1.0,0.0,1.0,0.0,1.0,0.0,1.0,0.0,0
0.37238124034143394,0.4622414318268881,0.25395062974601423,0.08049064427910932,-0.8180777444011614,-0.7865499863509285,0.45378050580951335,-0.2550616846182912,-0.8079913655023788,0.0,1.0,0.0,1.0,0.0,0.0,0.0,1.0,1.0,0.0,0.0,1.0,0.0,0.0,1.0,0.0,1.0,0.0,0.0,0.0,0.0,1.0,0.0,1.0,0.0,1.0,0.0,1.0,0.0,1.0,0.0,0.0,1.0,0.0,1.0,1.0,0.0,0
-0.25951855604411783,-0.09715347718887411,-0.4227045414195238,0.4767712702544763,-0.8180777444011614,-0.7865499863509285,-0.4249883486965624,-0.4244870353942281,-0.8079913655023788,0.0,1.0,0.0,1.0,0.0,0.0,1.0,0.0,1.0,0.0,0.0,1.0,0.0,0.0,1.0,0.0,1.0,0.0,0.0,0.0,1.0,0.0,0.0,1.0,0.0,1.0,0.0,1.0,0.0,1.0,0.0,1.0,0.0,1.0,0.0,1.0,0.0,0
2.268080629498089,2.140426158874175,-0.8174200579327543,-1.187607358842065,-0.8180777444011614,-0.7865499863509285,0.22563859165889755,0.33792704309748783,-0.8079913655023788,0.0,1.0,0.0,0.0,0.0,1.0,0.0,1.0,0.0,1.0,0.0,1.0,0.0,0.0,1.0,0.0,1.0,0.0,0.0,0.0,0.0,0.0,1.0,0.0,1.0,1.0,0.0,1.0,0.0,0.0,1.0,0.0,1.0,1.0,0.0,0.0,1.0,1
2.3733972622290147,0.4622414318268881,-0.9301959197936773,-0.8705828580617714,0.22025170041569722,0.5748623331711981,-0.6108817602266938,-0.04327999614837013,-0.07049757417660578,1.0,0.0,0.0,0.0,1.0,0.0,1.0,0.0,0.0,1.0,0.0,1.0,0.0,0.0,1.0,0.0,1.0,0.0,0.0,0.0,1.0,0.0,0.0,1.0,0.0,0.0,1.0,1.0,0.0,1.0,0.0,0.0,1.0,1.0,0.0,0.0,1.0,0
0.05643134214865803,0.014725504614278323,0.7802379850969883,0.8334238336323065,-0.8180777444011614,-0.7865499863509285,0.6488478779086643,-0.9327630877220386,-0.8079913655023788,1.0,0.0,0.0,1.0,0.0,0.0,0.0,1.0,0.0,0.0,1.0,0.0,1.0,1.0,0.0,0.0,0.0,1.0,0.0,0.0,1.0,0.0,0.0,1.0,0.0,0.0,1.0,0.0,1.0,1.0,0.0,1.0,0.0,0.0,1.0,0.0,1.0,0
-0.9967349851605949,0.4622414318268881,-0.21594879467449826,1.6656131481805772,-0.8180777444011614,-0.7865499863509285,0.031295479604669246,-1.398682802355865,-0.8079913655023788,0.0,1.0,0.0,0.0,1.0,0.0,1.0,0.0,0.0,0.0,1.0,1.0,0.0,1.0,0.0,0.0,1.0,0.0,0.0,0.0,1.0,0.0,0.0,1.0,0.0,1.0,0.0,1.0,0.0,1.0,0.0,0.0,1.0,1.0,0.0,0.0,1.0,0
0.8989644039960604,-0.09715347718887411,0.31033856067647575,-1.6235160474149686,0.3146452863081388,0.42504183867833223,0.18701138926302607,1.354479147753109,0.17821734078663137,1.0,0.0,0.0,0.0,1.0,0.0,1.0,0.0,1.0,0.0,0.0,1.0,0.0,0.0,1.0,0.0,0.0,1.0,0.0,0.0,0.0,0.0,1.0,1.0,0.0,0.0,1.0,0.0,1.0,0.0,1.0,1.0,0.0,0.0,1.0,1.0,0.0,2
-1.8392680470079972,-0.6565483862046363,0.3855224685837577,0.8730518962298432,2.0137298323720896,0.9722123403044501,-0.0725151268342353,-0.212705346924307,3.438185008797526,0.0,1.0,0.0,1.0,0.0,0.0,1.0,0.0,1.0,0.0,0.0,1.0,0.0,0.0,1.0,0.0,1.0,0.0,0.0,0.0,1.0,0.0,0.0,1.0,0.0,0.0,1.0,1.0,0.0,1.0,0.0,1.0,0.0,0.0,1.0,1.0,0.0,1
1.4255475676506868,-0.6565483862046363,-0.08437695583675477,0.4767712702544763,0.5978260439854639,0.8500760676200488,-0.14252693117675233,-1.1021884384979757,0.3327724365483418,0.0,1.0,0.0,0.0,0.0,1.0,0.0,1.0,1.0,0.0,0.0,1.0,0.0,0.0,0.0,1.0,1.0,0.0,0.0,0.0,1.0,0.0,0.0,0.0,1.0,0.0,1.0,1.0,0.0,1.0,0.0,1.0,0.0,0.0,1.0,1.0,0.0,3
-0.25951855604411783,-0.09715347718887411,-0.08437695583675477,1.2693325222052103,-1.4788328456482533,-1.3679186443286786,-0.14252693117675233,-1.2716137892739123,-1.5073615918576573,0.0,1.0,0.0,0.0,0.0,1.0,1.0,0.0,1.0,0.0,0.0,1.0,0.0,1.0,0.0,0.0,1.0,0.0,0.0,0.0,1.0,0.0,0.0,0.0,1.0,1.0,0.0,1.0,0.0,1.0,0.0,1.0,0.0,0.0,1.0,1.0,0.0,2
-1.6286347815461466,-1.2159432952203986,-0.08437695583675477,0.7145396458396964,-0.8180777444011614,-0.7865499863509285,-0.14252693117675233,-0.12799267153633856,-0.8079913655023788,1.0,0.0,0.0,0.0,0.0,1.0,1.0,0.0,1.0,0.0,0.0,1.0,0.0,0.0,1.0,0.0,1.0,0.0,0.0,0.0,1.0,0.0,0.0,0.0,1.0,1.0,0.0,1.0,0.0,1.0,0.0,1.0,0.0,0.0,1.0,1.0,0.0,1
1.3202309349197616,-0.6565483862046363,1.0433816627724752,0.516399332852013,-0.44050340083139466,-0.3566303065018359,0.4344669046115776,-1.1021884384979757,-0.49917853828056746,0.0,1.0,0.0,0.0,0.0,1.0,1.0,0.0,0.0,0.0,1.0,1.0,0.0,0.0,1.0,0.0,1.0,0.0,0.0,0.0,1.0,0.0,0.0,0.0,1.0,0.0,1.0,1.0,0.0,1.0,0.0,1.0,0.0,0.0,1.0,0.0,1.0,0
0.05643134214865803,-0.09715347718887411,-0.08437695583675477,-1.8612844230001888,0.12585811452325546,0.09283117697676083,-0.14252693117675233,1.947467875468888,0.13560338434204444,0.0,1.0,0.0,0.0,0.0,1.0,1.0,0.0,1.0,0.0,0.0,0.0,1.0,0.0,1.0,0.0,1.0,0.0,0.0,0.0,1.0,0.0,0.0,0.0,1.0,0.0,1.0,1.0,0.0,1.0,0.0,1.0,0.0,0.0,1.0,1.0,0.0,1
1.109597669457911,-0.6565483862046363,-0.009193047929472762,-1.6631441100125053,1.2585811452325562,1.506354972844232,-0.37670434570172306,1.312122810059125,0.9435563888963321,0.0,1.0,0.0,0.0,0.0,1.0,1.0,0.0,0.0,0.0,1.0,0.0,1.0,0.0,0.0,1.0,0.0,1.0,0.0,0.0,1.0,0.0,0.0,0.0,1.0,0.0,1.0,0.0,1.0,1.0,0.0,1.0,0.0,0.0,1.0,0.0,1.0,3
-1.5233181488152214,-0.6565483862046363,-0.08437695583675477,0.31825901986432953,1.0697939734476725,0.483667249566845,-0.14252693117675233,0.2532143677095194,1.8050402494514086,0.0,1.0,0.0,1.0,0.0,0.0,1.0,0.0,0.0,1.0,0.0,1.0,0.0,1.0,0.0,0.0,1.0,0.0,0.0,0.0,1.0,0.0,0.0,1.0,0.0,0.0,1.0,1.0,0.0,1.0,0.0,1.0,0.0,0.0,1.0,0.0,1.0,0
0.2670646076105086,-0.09715347718887411,0.5546862613751422,-0.395046106891331,0.12585811452325546,0.12540084969260118,0.39101130191622224,0.2955707054035036,0.10190357184760075,0.0,1.0,0.0,0.0,1.0,0.0,1.0,0.0,1.0,0.0,0.0,0.0,1.0,1.0,0.0,0.0,1.0,0.0,0.0,0.0,0.0,1.0,0.0,1.0,0.0,0.0,1.0,1.0,0.0,1.0,0.0,1.0,0.0,0.0,1.0,1.0,0.0,0
0.37238124034143394,1.3572732862521075,-1.3812993672373692,-0.7516986702691613,2.0137298323720896,1.9981570308534211,-0.682342084659056,0.6344214069553773,1.8738042393186134,0.0,1.0,0.0,0.0,0.0,1.0,1.0,0.0,0.0,0.0,1.0,0.0,1.0,0.0,0.0,1.0,1.0,0.0,0.0,0.0,1.0,0.0,0.0,0.0,1.0,0.0,1.0,1.0,0.0,1.0,0.0,0.0,1.0,1.0,0.0,0.0,1.0,3
0.7936477712651351,-1.4956407497282795,-0.08437695583675477,-1.1083512336469916,0.5978260439854639,0.7035125403987673,-0.14252693117675233,0.8462030954252985,0.44497871215988816,0.0,1.0,0.0,0.0,0.0,1.0,1.0,0.0,1.0,0.0,0.0,0.0,1.0,1.0,0.0,0.0,1.0,0.0,0.0,0.0,1.0,0.0,0.0,0.0,1.0,0.0,1.0,1.0,0.0,1.0,0.0,1.0,0.0,0.0,1.0,1.0,0.0,1
0.6883311385342098,-0.6565483862046363,-0.009193047929472762,-0.11764966870857416,-0.8180777444011614,-0.7865499863509285,-0.37670434570172306,-0.17034900923032278,-0.8079913655023788,0.0,1.0,0.0,0.0,1.0,0.0,1.0,0.0,0.0,0.0,1.0,1.0,0.0,0.0,1.0,0.0,1.0,0.0,0.0,0.0,1.0,0.0,0.0,1.0,0.0,1.0,0.0,1.0,0.0,1.0,0.0,1.0,0.0,0.0,1.0,0.0,1.0,0
1.4255475676506868,-1.7753382042361607,0.9869937318420138,-0.5139302946839411,0.03146452863081379,0.195425646031658,-0.3308345428566257,-0.04327999614837013,-0.12353308427194638,0.0,1.0,0.0,0.0,0.0,1.0,1.0,0.0,0.0,0.0,1.0,0.0,1.0,0.0,1.0,0.0,0.0,0.0,1.0,0.0,1.0,0.0,0.0,0.0,1.0,0.0,1.0,0.0,1.0,1.0,0.0,1.0,0.0,0.0,1.0,0.0,1.0,3
-1.418001516084296,0.4622414318268881,-0.08437695583675477,1.9826376489608708,-0.8180777444011614,-0.7865499863509285,-0.14252693117675233,-1.568108153131802,-0.8079913655023788,0.0,1.0,0.0,0.0,1.0,0.0,1.0,0.0,1.0,0.0,0.0,1.0,0.0,0.0,1.0,0.0,1.0,0.0,0.0,0.0,1.0,0.0,0.0,1.0,0.0,1.0,0.0,1.0,0.0,1.0,0.0,0.0,1.0,0.0,1.0,1.0,0.0,0
-0.15420192331319255,-0.3768509316967552,-0.6482562651413698,1.190076397010137,0.12585811452325546,0.06026150426092049,-0.74124856831276,-1.2292574515799282,0.1718954901052916,0.0,1.0,0.0,0.0,0.0,1.0,1.0,0.0,1.0,0.0,0.0,1.0,0.0,1.0,0.0,0.0,0.0,0.0,1.0,0.0,0.0,0.0,1.0,0.0,1.0,0.0,1.0,0.0,1.0,0.0,1.0,1.0,0.0,1.0,0.0,1.0,0.0,3
-1.5233181488152214,-1.2159432952203986,-1.2121355744459847,1.6656131481805772,-0.8180777444011614,-0.7865499863509285,-1.523449416829157,-1.186901113885944,-0.8079913655023788,1.0,0.0,0.0,0.0,1.0,0.0,1.0,0.0,0.0,1.0,0.0,1.0,0.0,0.0,1.0,0.0,1.0,0.0,0.0,0.0,1.0,0.0,0.0,1.0,0.0,1.0,0.0,1.0,0.0,1.0,0.0,1.0,0.0,1.0,0.0,0.0,1.0,0
-0.5754684542368937,-0.6565483862046363,0.7050540771897063,-0.7120706076716246,-0.8180777444011614,-0.7865499863509285,0.17373328843944527,0.9732721085072511,-0.8079913655023788,1.0,0.0,0.0,1.0,0.0,0.0,1.0,0.0,1.0,0.0,0.0,1.0,0.0,0.0,1.0,0.0,1.0,0.0,0.0,0.0,1.0,0.0,0.0,1.0,0.0,1.0,0.0,1.0,0.0,1.0,0.0,1.0,0.0,0.0,1.0,1.0,0.0,0
-1.418001516084296,-1.2159432952203986,-1.4940752290982924,-0.9498389832568448,1.0697939734476725,0.5162369222826854,-1.7226209291828694,1.5662608362230301,1.7397144590775642,0.0,1.0,0.0,0.0,0.0,1.0,1.0,0.0,0.0,0.0,1.0,0.0,1.0,0.0,1.0,0.0,1.0,0.0,0.0,0.0,0.0,0.0,1.0,0.0,1.0,0.0,1.0,1.0,0.0,0.0,1.0,1.0,0.0,1.0,0.0,0.0,1.0,3
0.05643134214865803,-0.09715347718887411,-1.2121355744459847,0.08049064427910932,-0.2517162290465113,-0.3142897319712435,-0.14252693117675233,-0.04327999614837013,-0.2716322445381803,0.0,1.0,0.0,1.0,0.0,0.0,1.0,0.0,0.0,1.0,0.0,1.0,0.0,0.0,1.0,0.0,1.0,0.0,0.0,0.0,1.0,0.0,0.0,1.0,0.0,0.0,1.0,1.0,0.0,1.0,0.0,1.0,0.0,1.0,0.0,0.0,1.0,0
2.162763996767164,0.7419388863347692,-0.08437695583675477,-0.5931864198790145,0.4090388722005806,0.7800512712809922,-0.14252693117675233,-0.2550616846182912,0.08714851880949306,0.0,1.0,0.0,1.0,0.0,0.0,1.0,0.0,0.0,1.0,0.0,1.0,0.0,1.0,0.0,0.0,1.0,0.0,0.0,0.0,1.0,0.0,0.0,1.0,0.0,0.0,1.0,1.0,0.0,1.0,0.0,0.0,1.0,0.0,1.0,0.0,1.0,1
2.162763996767164,-0.09715347718887411,-0.5730723572340878,0.08049064427910932,-0.2517162290465113,-0.3142897319712435,-0.14252693117675233,-0.04327999614837013,-0.2716322445381803,0.0,1.0,1.0,0.0,0.0,0.0,0.0,1.0,1.0,0.0,0.0,1.0,0.0,0.0,1.0,0.0,1.0,0.0,0.0,0.0,1.0,0.0,0.0,1.0,0.0,0.0,1.0,1.0,0.0,1.0,0.0,1.0,0.0,1.0,0.0,1.0,0.0,3
-1.418001516084296,-1.4397012588267033,-0.12196890979039576,-2.2971931115730926,-0.8180777444011614,-0.7865499863509285,-0.8692011762490842,3.0063763178184937,-0.8079913655023788,0.0,1.0,0.0,0.0,1.0,0.0,1.0,0.0,1.0,0.0,0.0,0.0,1.0,0.0,1.0,0.0,1.0,0.0,0.0,0.0,0.0,0.0,1.0,1.0,0.0,0.0,1.0,1.0,0.0,0.0,1.0,1.0,0.0,0.0,1.0,1.0,0.0,0
-2.365851210662624,-1.7753382042361607,-0.5166844263036263,0.4767712702544763,-0.8180777444011614,-0.7865499863509285,-1.2965146027534122,0.42263971848545623,-0.8079913655023788,1.0,0.0,0.0,1.0,0.0,0.0,1.0,0.0,0.0,1.0,0.0,1.0,0.0,0.0,1.0,0.0,1.0,0.0,0.0,0.0,1.0,0.0,0.0,1.0,0.0,1.0,0.0,1.0,0.0,1.0,0.0,1.0,0.0,1.0,0.0,0.0,1.0,0
-0.9967349851605949,-1.104064313417246,0.8178299390506293,0.5956554580470864,-0.8180777444011614,-0.7865499863509285,-0.019402723539912046,-0.2550616846182912,-0.8079913655023788,0.0,1.0,0.0,0.0,0.0,1.0,1.0,0.0,0.0,0.0,1.0,1.0,0.0,1.0,0.0,0.0,0.0,1.0,0.0,0.0,1.0,0.0,0.0,0.0,1.0,1.0,0.0,0.0,1.0,1.0,0.0,1.0,0.0,0.0,1.0,0.0,1.0,2
-0.04888529058226727,-0.09715347718887411,-0.08437695583675477,-0.11764966870857416,0.12585811452325546,0.07654634061884066,-0.14252693117675233,0.12614535462756674,0.15340705886741093,0.0,1.0,0.0,0.0,0.0,1.0,1.0,0.0,0.0,0.0,1.0,0.0,1.0,0.0,1.0,0.0,1.0,0.0,0.0,0.0,0.0,0.0,1.0,0.0,1.0,0.0,1.0,1.0,0.0,0.0,1.0,1.0,0.0,0.0,1.0,0.0,1.0,2
-2.6818011088553995,-0.09715347718887411,-2.1519344232870097,1.8637534611682607,-0.8180777444011614,-0.7865499863509285,-1.8686800382422584,-0.9327630877220386,-0.8079913655023788,0.0,1.0,0.0,1.0,0.0,0.0,1.0,0.0,0.0,0.0,1.0,1.0,0.0,0.0,1.0,0.0,1.0,0.0,0.0,0.0,1.0,0.0,0.0,1.0,0.0,1.0,0.0,1.0,0.0,1.0,0.0,1.0,0.0,1.0,0.0,0.0,1.0,0
0.37238124034143394,1.0216363408426503,0.15997074486191173,-1.821656360402652,2.0137298323720896,1.9981570308534211,0.6770940196606452,1.7780425246929512,1.8738042393186134,0.0,1.0,0.0,0.0,0.0,1.0,1.0,0.0,1.0,0.0,0.0,0.0,1.0,0.0,1.0,0.0,1.0,0.0,0.0,0.0,1.0,0.0,0.0,0.0,1.0,0.0,1.0,1.0,0.0,1.0,0.0,0.0,1.0,0.0,1.0,1.0,0.0,1
1.109597669457911,-0.09715347718887411,-0.04678500188311376,0.08049064427910932,-0.2517162290465113,-0.3142897319712435,-0.14252693117675233,-0.04327999614837013,-0.2716322445381803,0.0,1.0,0.0,0.0,0.0,1.0,0.0,1.0,0.0,1.0,0.0,1.0,0.0,0.0,1.0,0.0,1.0,0.0,0.0,0.0,1.0,0.0,0.0,0.0,1.0,0.0,1.0,1.0,0.0,1.0,0.0,1.0,0.0,0.0,1.0,0.0,1.0,2
1.4255475676506868,-1.4397012588267033,-0.44150051839634424,0.1597467694741827,-0.5348969867238365,-0.4592247755567331,-1.0867206097408353,-0.7633377369461019,-0.5798386050922346,1.0,0.0,0.0,0.0,0.0,1.0,1.0,0.0,1.0,0.0,0.0,1.0,0.0,1.0,0.0,0.0,0.0,0.0,1.0,0.0,1.0,0.0,0.0,0.0,1.0,0.0,1.0,0.0,1.0,1.0,0.0,1.0,0.0,1.0,0.0,1.0,0.0,0
-0.3648351887750431,0.7419388863347692,0.32913453765329626,0.4767712702544763,-0.8180777444011614,-0.7865499863509285,0.6807153198852582,-0.3821306977002439,-0.8079913655023788,0.0,1.0,0.0,0.0,0.0,1.0,1.0,0.0,1.0,0.0,0.0,1.0,0.0,0.0,1.0,0.0,1.0,0.0,0.0,0.0,1.0,0.0,0.0,0.0,1.0,1.0,0.0,1.0,0.0,1.0,0.0,0.0,1.0,0.0,1.0,1.0,0.0,1
-1.8392680470079972,1.0216363408426503,-1.6256470679360358,1.3485886474002837,-0.8180777444011614,-0.7865499863509285,-1.0430235870305058,-0.7209813992521176,-0.8079913655023788,0.0,1.0,0.0,0.0,1.0,0.0,1.0,0.0,1.0,0.0,0.0,1.0,0.0,0.0,1.0,0.0,1.0,0.0,0.0,0.0,1.0,0.0,0.0,1.0,0.0,1.0,0.0,1.0,0.0,1.0,0.0,0.0,1.0,1.0,0.0,1.0,0.0,0
-1.3126848833533709,-0.09715347718887411,-0.7986240809559337,1.3485886474002837,0.5034324580930222,0.1481996205936894,-0.7388343681630181,-0.9327630877220386,0.9319052951863624,1.0,0.0,0.0,1.0,0.0,0.0,1.0,0.0,0.0,0.0,1.0,1.0,0.0,1.0,0.0,0.0,1.0,0.0,0.0,0.0,1.0,0.0,0.0,1.0,0.0,0.0,1.0,1.0,0.0,1.0,0.0,1.0,0.0,1.0,0.0,0.0,1.0,0
-1.2073682506224455,-0.6565483862046363,-0.9113999428168568,0.6749115832421598,-0.8180777444011614,-0.7865499863509285,-1.0719939888274095,-0.2550616846182912,-0.8079913655023788,0.0,1.0,0.0,1.0,0.0,0.0,1.0,0.0,1.0,0.0,0.0,1.0,0.0,0.0,1.0,0.0,1.0,0.0,0.0,0.0,1.0,0.0,0.0,1.0,0.0,1.0,0.0,1.0,0.0,1.0,0.0,1.0,0.0,1.0,0.0,1.0,0.0,0
0.6883311385342098,2.699821067889937,-0.08437695583675477,0.08049064427910932,0.5978260439854639,0.6790852858618871,-0.14252693117675233,-0.3821306977002439,0.4658615467875927,0.0,1.0,0.0,0.0,1.0,0.0,1.0,0.0,0.0,1.0,0.0,0.0,1.0,0.0,1.0,0.0,1.0,0.0,0.0,0.0,1.0,0.0,0.0,1.0,0.0,0.0,1.0,1.0,0.0,1.0,0.0,0.0,1.0,0.0,1.0,0.0,1.0,0
1.7414974658434628,1.3572732862521075,-0.02798902490629326,0.1993748320717194,-0.8180777444011614,-0.7865499863509285,0.6734727194360323,-0.9327630877220386,-0.8079913655023788,0.0,1.0,0.0,1.0,0.0,0.0,1.0,0.0,0.0,0.0,1.0,1.0,0.0,1.0,0.0,0.0,1.0,0.0,0.0,0.0,1.0,0.0,0.0,1.0,0.0,1.0,0.0,1.0,0.0,1.0,0.0,0.0,1.0,0.0,1.0,0.0,1.0,0
0.37238124034143394,-0.20903245899202655,1.0621776397492957,0.8334238336323065,-0.8180777444011614,-0.7865499863509285,0.7415531636587558,-1.0598321008039913,-0.8079913655023788,1.0,0.0,0.0,0.0,0.0,1.0,1.0,0.0,0.0,0.0,1.0,1.0,0.0,1.0,0.0,0.0,0.0,1.0,0.0,0.0,1.0,0.0,0.0,0.0,1.0,1.0,0.0,0.0,1.0,1.0,0.0,1.0,0.0,0.0,1.0,0.0,1.0,0
0.1617479748795833,-0.09715347718887411,-0.34752063351224177,0.08049064427910932,-0.2517162290465113,-0.3142897319712435,-0.14252693117675233,-0.04327999614837013,-0.2716322445381803,0.0,1.0,0.0,0.0,1.0,0.0,1.0,0.0,0.0,1.0,0.0,1.0,0.0,0.0,1.0,0.0,1.0,0.0,0.0,0.0,1.0,0.0,0.0,1.0,0.0,0.0,1.0,1.0,0.0,1.0,0.0,1.0,0.0,1.0,0.0,0.0,1.0,3
-0.25951855604411783,-0.20903245899202655,-0.08437695583675477,-1.2272354214396017,-0.8180777444011614,-0.7865499863509285,-0.14252693117675233,1.3968354854470932,-0.8079913655023788,0.0,1.0,0.0,0.0,0.0,1.0,1.0,0.0,1.0,0.0,0.0,1.0,0.0,0.0,1.0,0.0,1.0,0.0,0.0,0.0,1.0,0.0,0.0,0.0,1.0,1.0,0.0,1.0,0.0,1.0,0.0,1.0,0.0,0.0,1.0,1.0,0.0,0
0.2670646076105086,-0.09715347718887411,0.6862581002128858,-1.3857476718297486,0.6922196298779058,0.6725713513187191,0.5008574087294817,1.354479147753109,0.6478405342575887,0.0,1.0,0.0,0.0,0.0,1.0,0.0,1.0,0.0,0.0,1.0,0.0,1.0,0.0,0.0,1.0,1.0,0.0,0.0,0.0,0.0,0.0,1.0,0.0,1.0,0.0,1.0,1.0,0.0,0.0,1.0,1.0,0.0,0.0,1.0,0.0,1.0,2
2.47871389495994,-0.3768509316967552,1.0809736167261164,0.9523080214249167,-0.8180777444011614,-0.7865499863509285,0.6469165177888707,-2.0340278677656283,-0.8079913655023788,0.0,1.0,0.0,0.0,0.0,1.0,1.0,0.0,0.0,0.0,1.0,0.0,1.0,1.0,0.0,0.0,0.0,0.0,0.0,1.0,1.0,0.0,0.0,0.0,1.0,0.0,1.0,0.0,1.0,1.0,0.0,1.0,0.0,0.0,1.0,0.0,1.0,4
0.2670646076105086,-0.6565483862046363,-0.08437695583675477,0.3975151450594029,-0.8180777444011614,-0.7865499863509285,-0.14252693117675233,-0.5515560484761808,-0.8079913655023788,0.0,1.0,0.0,0.0,0.0,1.0,1.0,0.0,0.0,1.0,0.0,1.0,0.0,0.0,1.0,0.0,1.0,0.0,0.0,0.0,1.0,0.0,0.0,0.0,1.0,1.0,0.0,1.0,0.0,1.0,0.0,1.0,0.0,0.0,1.0,0.0,1.0,2
0.4776978730723592,2.140426158874175,-0.08437695583675477,-1.3064915466346751,-0.8180777444011614,-0.7865499863509285,-0.14252693117675233,1.1850537969771722,-0.8079913655023788,0.0,1.0,0.0,0.0,0.0,1.0,1.0,0.0,0.0,1.0,0.0,0.0,1.0,0.0,1.0,0.0,1.0,0.0,0.0,0.0,1.0,0.0,0.0,0.0,1.0,0.0,1.0,1.0,0.0,1.0,0.0,0.0,1.0,0.0,1.0,0.0,1.0,1
-0.15420192331319255,-0.6565483862046363,-0.6858482190950108,0.3975151450594029,-0.8180777444011614,-0.7865499863509285,-0.8981715780459878,-0.3821306977002439,-0.8079913655023788,1.0,0.0,0.0,1.0,0.0,0.0,1.0,0.0,1.0,0.0,0.0,1.0,0.0,0.0,1.0,0.0,1.0,0.0,0.0,0.0,1.0,0.0,0.0,1.0,0.0,1.0,0.0,1.0,0.0,1.0,0.0,1.0,0.0,1.0,0.0,1.0,0.0,0
0.37238124034143394,-0.43279042259833145,0.27274660672283474,0.12011870687664603,-0.5348969867238365,-0.5080792846304936,-0.03340508440841545,-0.29741802231227543,-0.5398118050202796,0.0,1.0,0.0,1.0,0.0,0.0,1.0,0.0,1.0,0.0,0.0,1.0,0.0,1.0,0.0,0.0,1.0,0.0,0.0,0.0,0.0,0.0,1.0,1.0,0.0,0.0,1.0,1.0,0.0,0.0,1.0,1.0,0.0,0.0,1.0,1.0,0.0,1
-0.9967349851605949,-0.6565483862046363,-1.4564832751446513,0.23900289466925612,1.824942660587206,1.2197418529448367,-1.4920648148825115,0.12614535462756674,2.434543320326639,0.0,1.0,0.0,0.0,0.0,1.0,1.0,0.0,1.0,0.0,0.0,0.0,1.0,0.0,0.0,1.0,1.0,0.0,0.0,0.0,0.0,1.0,0.0,0.0,1.0,0.0,1.0,1.0,0.0,1.0,0.0,1.0,0.0,1.0,0.0,1.0,0.0,2
1.6361808331125374,-0.09715347718887411,-0.08437695583675477,0.08049064427910932,-0.2517162290465113,-0.3142897319712435,-0.14252693117675233,-0.04327999614837013,-0.2716322445381803,0.0,1.0,0.0,0.0,0.0,1.0,0.0,1.0,1.0,0.0,0.0,1.0,0.0,0.0,1.0,0.0,1.0,0.0,0.0,0.0,1.0,0.0,0.0,0.0,1.0,0.0,1.0,1.0,0.0,1.0,0.0,1.0,0.0,0.0,1.0,1.0,0.0,2
1.109597669457911,2.140426158874175,-0.3663166104890623,0.6749115832421598,-0.2517162290465113,-0.1612122702067939,0.7181354222062587,-1.186901113885944,-0.3302965233936395,0.0,1.0,1.0,0.0,0.0,0.0,1.0,0.0,0.0,0.0,1.0,1.0,0.0,0.0,1.0,0.0,1.0,0.0,0.0,0.0,0.0,0.0,1.0,1.0,0.0,0.0,1.0,1.0,0.0,0.0,1.0,0.0,1.0,1.0,0.0,0.0,1.0,0
0.37238124034143394,-0.5446694044014839,0.32913453765329626,-1.5046318596223585,-0.8180777444011614,-0.7865499863509285,-0.05223584557640279,1.4391918231410774,-0.8079913655023788,0.0,1.0,0.0,0.0,0.0,1.0,1.0,0.0,0.0,0.0,1.0,1.0,0.0,0.0,1.0,0.0,1.0,0.0,0.0,0.0,1.0,0.0,0.0,0.0,1.0,1.0,0.0,1.0,0.0,1.0,0.0,1.0,0.0,0.0,1.0,0.0,1.0,1
0.05643134214865803,0.4622414318268881,-0.08437695583675477,-0.791326732866698,-0.8180777444011614,-0.7865499863509285,-0.14252693117675233,0.8038467577313142,-0.8079913655023788,0.0,1.0,0.0,0.0,0.0,1.0,1.0,0.0,1.0,0.0,0.0,0.0,1.0,0.0,1.0,0.0,1.0,0.0,0.0,0.0,1.0,0.0,0.0,0.0,1.0,0.0,1.0,1.0,0.0,1.0,0.0,0.0,1.0,0.0,1.0,1.0,0.0,1
0.2670646076105086,2.140426158874175,-0.08437695583675477,-0.5931864198790145,1.541761902909881,1.4933271037578957,-0.14252693117675233,0.5073523938734247,1.4667459778725702,0.0,1.0,0.0,0.0,1.0,0.0,1.0,0.0,0.0,0.0,1.0,0.0,1.0,0.0,1.0,0.0,1.0,0.0,0.0,0.0,1.0,0.0,0.0,1.0,0.0,0.0,1.0,1.0,0.0,1.0,0.0,0.0,1.0,0.0,1.0,0.0,1.0,4
0.4776978730723592,-0.09715347718887411,-0.30992867955860076,0.4767712702544763,-0.8180777444011614,-0.7865499863509285,-0.3308345428566257,-0.7209813992521176,-0.8079913655023788,0.0,1.0,0.0,1.0,0.0,0.0,1.0,0.0,1.0,0.0,0.0,1.0,0.0,0.0,1.0,0.0,1.0,0.0,0.0,0.0,1.0,0.0,0.0,1.0,0.0,1.0,0.0,1.0,0.0,1.0,0.0,1.0,0.0,1.0,0.0,1.0,0.0,0
0.8989644039960604,-0.6565483862046363,-0.08437695583675477,-0.5931864198790145,0.7866132157703473,0.9298717657738576,-0.14252693117675233,0.2532143677095194,0.589137635073719,1.0,0.0,0.0,0.0,0.0,1.0,1.0,0.0,0.0,1.0,0.0,0.0,1.0,0.0,0.0,1.0,1.0,0.0,0.0,0.0,1.0,0.0,0.0,0.0,1.0,0.0,1.0,1.0,0.0,1.0,0.0,1.0,0.0,0.0,1.0,0.0,1.0,1
0.1617479748795833,0.4622414318268881,-0.9489918967704978,0.4767712702544763,-0.8180777444011614,-0.7865499863509285,-0.6277811612748876,-0.593912386170165,-0.8079913655023788,0.0,1.0,0.0,1.0,0.0,0.0,1.0,0.0,1.0,0.0,0.0,1.0,0.0,0.0,1.0,0.0,1.0,0.0,0.0,0.0,0.0,0.0,1.0,1.0,0.0,1.0,0.0,1.0,0.0,0.0,1.0,0.0,1.0,1.0,0.0,1.0,0.0,0
0.4776978730723592,-1.4956407497282795,-0.12196890979039576,0.6352835206446231,-0.2517162290465113,-0.21983768109530655,-0.8981715780459878,-0.8904067500280545,-0.28087981558928715,0.0,1.0,0.0,0.0,1.0,0.0,1.0,0.0,0.0,0.0,1.0,0.0,1.0,0.0,1.0,0.0,1.0,0.0,0.0,0.0,0.0,0.0,1.0,1.0,0.0,0.0,1.0,1.0,0.0,0.0,1.0,1.0,0.0,0.0,1.0,0.0,1.0,0
-1.733951414277072,-0.6565483862046363,-0.5918683342109082,1.2693325222052103,-0.8180777444011614,-0.7865499863509285,-0.8257455735537288,-0.6786250615581334,-0.8079913655023788,1.0,0.0,0.0,0.0,1.0,0.0,1.0,0.0,1.0,0.0,0.0,1.0,0.0,1.0,0.0,0.0,1.0,0.0,0.0,0.0,1.0,0.0,0.0,1.0,0.0,1.0,0.0,1.0,0.0,1.0,0.0,1.0,0.0,1.0,0.0,1.0,0.0,0
-0.25951855604411783,-0.09715347718887411,-0.5354804032804468,0.08049064427910932,-0.2517162290465113,-0.3142897319712435,-0.14252693117675233,-0.04327999614837013,-0.2716322445381803,0.0,1.0,0.0,0.0,0.0,1.0,0.0,1.0,0.0,0.0,1.0,1.0,0.0,0.0,1.0,0.0,1.0,0.0,0.0,0.0,1.0,0.0,0.0,0.0,1.0,0.0,1.0,1.0,0.0,1.0,0.0,1.0,0.0,1.0,0.0,0.0,1.0,0
1.109597669457911,0.4622414318268881,1.6636489030075519,0.7937957710347698,-0.8180777444011614,-0.7865499863509285,1.7212355844240457,-1.3139701269678967,-0.8079913655023788,0.0,1.0,0.0,0.0,1.0,0.0,1.0,0.0,1.0,0.0,0.0,1.0,0.0,1.0,0.0,0.0,1.0,0.0,0.0,0.0,1.0,0.0,0.0,1.0,0.0,1.0,0.0,1.0,0.0,1.0,0.0,0.0,1.0,0.0,1.0,1.0,0.0,1
-1.6286347815461466,0.7419388863347692,0.8554218930042703,-0.31578998169625766,-0.8180777444011614,-0.7865499863509285,1.1707979502828774,0.9732721085072511,-0.8079913655023788,0.0,1.0,0.0,0.0,1.0,0.0,1.0,0.0,1.0,0.0,0.0,1.0,0.0,0.0,1.0,0.0,1.0,0.0,0.0,0.0,1.0,0.0,0.0,1.0,0.0,1.0,0.0,1.0,0.0,1.0,0.0,0.0,1.0,0.0,1.0,1.0,0.0,0
-0.3648351887750431,-0.6565483862046363,-1.4752792521214717,0.8730518962298432,-0.8180777444011614,-0.7865499863509285,-1.5065500157809633,-0.805694074640086,-0.8079913655023788,0.0,1.0,0.0,1.0,0.0,0.0,1.0,0.0,1.0,0.0,0.0,1.0,0.0,0.0,1.0,0.0,1.0,0.0,0.0,0.0,1.0,0.0,0.0,1.0,0.0,1.0,0.0,1.0,0.0,1.0,0.0,1.0,0.0,1.0,0.0,1.0,0.0,0
-1.8392680470079972,-1.2159432952203986,-0.08437695583675477,-0.5139302946839411,0.12585811452325546,-0.2002958774658023,-0.14252693117675233,1.2697664723651405,0.6074007592642561,0.0,1.0,0.0,0.0,0.0,1.0,1.0,0.0,1.0,0.0,0.0,0.0,1.0,0.0,1.0,0.0,1.0,0.0,0.0,0.0,0.0,1.0,0.0,0.0,1.0,0.0,1.0,1.0,0.0,1.0,0.0,1.0,0.0,0.0,1.0,1.0,0.0,1
-0.9967349851605949,-0.6565483862046363,-0.3851125874658828,1.2297044596076736,-0.8180777444011614,-0.7865499863509285,-0.6664083636707591,-0.9327630877220386,-0.8079913655023788,0.0,1.0,0.0,0.0,1.0,0.0,1.0,0.0,1.0,0.0,0.0,1.0,0.0,1.0,0.0,0.0,1.0,0.0,0.0,0.0,1.0,0.0,0.0,1.0,0.0,1.0,0.0,1.0,0.0,1.0,0.0,1.0,0.0,1.0,0.0,1.0,0.0,0
-0.8914183524296696,0.18254397731900698,-0.08437695583675477,-1.1083512336469916,-0.8180777444011614,-0.7865499863509285,-0.14252693117675233,1.523904498529046,-0.8079913655023788,0.0,1.0,0.0,0.0,1.0,0.0,1.0,0.0,1.0,0.0,0.0,1.0,0.0,0.0,1.0,0.0,1.0,0.0,0.0,0.0,1.0,0.0,0.0,1.0,0.0,1.0,0.0,1.0,0.0,1.0,0.0,1.0,0.0,0.0,1.0,1.0,0.0,0
0.8989644039960604,-0.09715347718887411,-2.0203625844492663,0.08049064427910932,-0.2517162290465113,-0.3142897319712435,-0.14252693117675233,-0.04327999614837013,-0.2716322445381803,0.0,1.0,1.0,0.0,0.0,0.0,1.0,0.0,0.0,1.0,0.0,1.0,0.0,0.0,1.0,0.0,1.0,0.0,0.0,0.0,1.0,0.0,0.0,1.0,0.0,0.0,1.0,1.0,0.0,1.0,0.0,1.0,0.0,1.0,0.0,0.0,1.0,0
0.1617479748795833,0.7419388863347692,1.4944851102161674,0.6749115832421598,-0.8180777444011614,-0.7865499863509285,1.765898287194272,-0.805694074640086,-0.8079913655023788,0.0,1.0,0.0,1.0,0.0,0.0,1.0,0.0,1.0,0.0,0.0,1.0,0.0,0.0,1.0,0.0,1.0,0.0,0.0,0.0,1.0,0.0,0.0,1.0,0.0,1.0,0.0,1.0,0.0,1.0,0.0,0.0,1.0,0.0,1.0,1.0,0.0,0
0.1617479748795833,-0.20903245899202655,-0.7798281039791133,-0.31578998169625766,1.0697939734476725,1.0047820130202905,-0.7726331702594056,0.2532143677095194,1.0448855978284886,1.0,0.0,0.0,0.0,0.0,1.0,1.0,0.0,0.0,1.0,0.0,0.0,1.0,0.0,1.0,0.0,0.0,1.0,0.0,0.0,0.0,0.0,1.0,0.0,1.0,0.0,1.0,0.0,1.0,0.0,1.0,1.0,0.0,1.0,0.0,0.0,1.0,3
-0.5754684542368937,-1.7753382042361607,-0.08437695583675477,-1.5046318596223585,-0.8180777444011614,-0.7865499863509285,-0.14252693117675233,1.8203988623869354,-0.8079913655023788,0.0,1.0,0.0,1.0,0.0,0.0,1.0,0.0,1.0,0.0,0.0,1.0,0.0,0.0,1.0,0.0,1.0,0.0,0.0,0.0,1.0,0.0,0.0,1.0,0.0,1.0,0.0,1.0,0.0,1.0,0.0,1.0,0.0,0.0,1.0,1.0,0.0,0
-0.5754684542368937,-1.327822277023551,-1.5692591370055742,1.4674728351928936,1.0697939734476725,0.7767943040094081,-1.8150847949179867,-1.356326464661881,1.3150968216475734,1.0,0.0,0.0,0.0,0.0,1.0,1.0,0.0,1.0,0.0,0.0,1.0,0.0,1.0,0.0,0.0,1.0,0.0,0.0,0.0,1.0,0.0,0.0,0.0,1.0,0.0,1.0,1.0,0.0,1.0,0.0,1.0,0.0,1.0,0.0,1.0,0.0,0
1.6361808331125374,-0.09715347718887411,0.7990339620738087,0.08049064427910932,-0.2517162290465113,-0.3142897319712435,-0.14252693117675233,-0.04327999614837013,-0.2716322445381803,0.0,1.0,0.0,0.0,0.0,1.0,0.0,1.0,0.0,1.0,0.0,1.0,0.0,0.0,1.0,0.0,1.0,0.0,0.0,0.0,1.0,0.0,0.0,0.0,1.0,0.0,1.0,1.0,0.0,1.0,0.0,1.0,0.0,0.0,1.0,0.0,1.0,3
0.05643134214865803,-0.6565483862046363,-1.0993597125850618,-0.9894670458543815,0.5034324580930222,0.4445836423078365,-1.2168459978119273,1.0156284462012353,0.5130412842798138,0.0,1.0,0.0,0.0,0.0,1.0,1.0,0.0,1.0,0.0,0.0,1.0,0.0,0.0,1.0,0.0,0.0,1.0,0.0,0.0,0.0,0.0,1.0,0.0,1.0,0.0,1.0,0.0,1.0,0.0,1.0,1.0,0.0,1.0,0.0,1.0,0.0,2
-0.04888529058226727,0.4622414318268881,-0.06558097885993426,0.6749115832421598,-0.8180777444011614,-0.7865499863509285,0.16649068799021935,-0.7209813992521176,-0.8079913655023788,0.0,1.0,0.0,0.0,0.0,1.0,1.0,0.0,1.0,0.0,0.0,1.0,0.0,0.0,1.0,0.0,1.0,0.0,0.0,0.0,1.0,0.0,0.0,0.0,1.0,1.0,0.0,1.0,0.0,1.0,0.0,0.0,1.0,0.0,1.0,1.0,0.0,0
0.4776978730723592,0.2384834682205832,1.3629132713784238,0.5560273954495497,-0.8180777444011614,-0.7865499863509285,1.296819198099408,-0.805694074640086,-0.8079913655023788,1.0,0.0,0.0,1.0,0.0,0.0,0.0,1.0,0.0,0.0,1.0,1.0,0.0,1.0,0.0,0.0,0.0,0.0,1.0,0.0,1.0,0.0,0.0,1.0,0.0,1.0,0.0,0.0,1.0,1.0,0.0,1.0,0.0,0.0,1.0,0.0,1.0,3
2.47871389495994,-0.43279042259833145,-1.4188913211910104,-1.1083512336469916,1.0697939734476725,1.721314812768778,-1.3805287679644327,0.16850169232155096,0.5154921797339552,0.0,1.0,0.0,0.0,0.0,1.0,1.0,0.0,0.0,1.0,0.0,0.0,1.0,1.0,0.0,0.0,1.0,0.0,0.0,0.0,1.0,0.0,0.0,0.0,1.0,0.0,1.0,1.0,0.0,1.0,0.0,1.0,0.0,1.0,0.0,0.0,1.0,3
0.05643134214865803,-0.6565483862046363,-0.08437695583675477,0.6749115832421598,-0.8180777444011614,-0.7865499863509285,-0.14252693117675233,-0.7633377369461019,-0.8079913655023788,0.0,1.0,0.0,0.0,0.0,1.0,1.0,0.0,1.0,0.0,0.0,1.0,0.0,0.0,1.0,0.0,1.0,0.0,0.0,0.0,0.0,0.0,1.0,0.0,1.0,1.0,0.0,1.0,0.0,0.0,1.0,1.0,0.0,0.0,1.0,1.0,0.0,2
0.4776978730723592,-0.9362458407125174,-0.08437695583675477,0.0012345190840359305,-0.346109814938953,-0.3142897319712435,-0.14252693117675233,-0.212705346924307,-0.36873174057480246,0.0,1.0,0.0,0.0,0.0,1.0,1.0,0.0,1.0,0.0,0.0,1.0,0.0,1.0,0.0,0.0,1.0,0.0,0.0,0.0,1.0,0.0,0.0,0.0,1.0,0.0,1.0,1.0,0.0,1.0,0.0,1.0,0.0,0.0,1.0,1.0,0.0,1
0.1617479748795833,0.7419388863347692,0.02839890602416824,-1.6631441100125053,1.0697939734476725,1.0047820130202905,0.4006681025151901,1.6933298493049829,1.0448855978284886,0.0,1.0,0.0,0.0,0.0,1.0,1.0,0.0,1.0,0.0,0.0,0.0,1.0,0.0,1.0,0.0,1.0,0.0,0.0,0.0,1.0,0.0,0.0,0.0,1.0,0.0,1.0,1.0,0.0,1.0,0.0,0.0,1.0,0.0,1.0,1.0,0.0,1
1.0042810367269857,0.2384834682205832,-0.08437695583675477,-2.1386808611829458,-0.8180777444011614,-0.7865499863509285,-0.14252693117675233,1.8627552000809195,-0.8079913655023788,0.0,1.0,0.0,0.0,0.0,1.0,1.0,0.0,1.0,0.0,0.0,0.0,1.0,0.0,1.0,0.0,1.0,0.0,0.0,0.0,0.0,0.0,1.0,0.0,1.0,0.0,1.0,1.0,0.0,0.0,1.0,1.0,0.0,0.0,1.0,1.0,0.0,2
0.6883311385342098,1.1335153226458028,-0.08437695583675477,-0.791326732866698,-0.8180777444011614,-0.7865499863509285,-0.14252693117675233,0.549708731567409,-0.8079913655023788,0.0,1.0,0.0,0.0,0.0,1.0,1.0,0.0,0.0,1.0,0.0,0.0,1.0,0.0,1.0,0.0,1.0,0.0,0.0,0.0,0.0,0.0,1.0,0.0,1.0,0.0,1.0,1.0,0.0,0.0,1.0,0.0,1.0,0.0,1.0,0.0,1.0,0
0.2670646076105086,-0.3768509316967552,-0.08437695583675477,-1.3857476718297486,0.12585811452325546,0.12540084969260118,-0.14252693117675233,1.354479147753109,0.10190357184760075,0.0,1.0,0.0,0.0,0.0,1.0,0.0,1.0,1.0,0.0,0.0,0.0,1.0,0.0,1.0,0.0,1.0,0.0,0.0,0.0,0.0,0.0,1.0,0.0,1.0,0.0,1.0,1.0,0.0,0.0,1.0,1.0,0.0,0.0,1.0,1.0,0.0,3
-0.47015182150596846,-1.7753382042361607,0.12237879090827074,1.427844772595357,-0.8180777444011614,-0.7865499863509285,-0.886100577297278,-1.356326464661881,-0.8079913655023788,0.0,1.0,0.0,1.0,0.0,0.0,1.0,0.0,1.0,0.0,0.0,1.0,0.0,0.0,1.0,0.0,1.0,0.0,0.0,0.0,1.0,0.0,0.0,1.0,0.0,1.0,0.0,1.0,0.0,1.0,0.0,1.0,0.0,0.0,1.0,1.0,0.0,0
1.0042810367269857,0.4622414318268881,0.25395062974601423,-1.0290951084519182,2.0137298323720896,2.291284085295984,0.45378050580951335,0.6767777446493616,1.6183951340975666,0.0,1.0,0.0,0.0,0.0,1.0,1.0,0.0,0.0,1.0,0.0,0.0,1.0,0.0,1.0,0.0,1.0,0.0,0.0,0.0,1.0,0.0,0.0,0.0,1.0,0.0,1.0,1.0,0.0,1.0,0.0,0.0,1.0,0.0,1.0,0.0,1.0,2
0.2670646076105086,0.12660448641743077,3.054551199292269,0.4767712702544763,0.9754003875552307,0.9461566021317778,2.675568903617045,-0.6362687238641491,0.9208090154625823,1.0,0.0,0.0,0.0,0.0,1.0,1.0,0.0,0.0,0.0,1.0,0.0,1.0,0.0,1.0,0.0,0.0,0.0,1.0,0.0,0.0,0.0,1.0,0.0,1.0,0.0,1.0,0.0,1.0,0.0,1.0,1.0,0.0,0.0,1.0,0.0,1.0,2
-0.8914183524296696,2.699821067889937,-0.08437695583675477,1.6656131481805772,-0.8180777444011614,-0.7865499863509285,-0.14252693117675233,-1.4410391400498492,-0.8079913655023788,1.0,0.0,0.0,1.0,0.0,0.0,1.0,0.0,1.0,0.0,0.0,1.0,0.0,0.0,1.0,0.0,1.0,0.0,0.0,0.0,1.0,0.0,0.0,1.0,0.0,1.0,0.0,1.0,0.0,1.0,0.0,0.0,1.0,0.0,1.0,1.0,0.0,0
0.1617479748795833,-0.09715347718887411,-0.08437695583675477,0.08049064427910932,-0.2517162290465113,-0.3142897319712435,-0.14252693117675233,-0.04327999614837013,-0.2716322445381803,0.0,1.0,0.0,0.0,1.0,0.0,1.0,0.0,0.0,1.0,0.0,1.0,0.0,0.0,1.0,0.0,1.0,0.0,0.0,0.0,1.0,0.0,0.0,1.0,0.0,0.0,1.0,1.0,0.0,1.0,0.0,1.0,0.0,0.0,1.0,0.0,1.0,0
-1.418001516084296,-0.6565483862046363,4.125921886971037,0.5560273954495497,0.12585811452325546,-0.1351565320341216,2.8100398519576726,-0.04327999614837013,0.4658615467875927,0.0,1.0,0.0,0.0,0.0,1.0,1.0,0.0,1.0,0.0,0.0,0.0,1.0,0.0,1.0,0.0,1.0,0.0,0.0,0.0,0.0,1.0,0.0,0.0,1.0,0.0,1.0,1.0,0.0,1.0,0.0,1.0,0.0,0.0,1.0,1.0,0.0,1
0.05643134214865803,-0.6565483862046363,-1.4188913211910104,-0.038393543513500765,1.0697939734476725,0.9722123403044501,-1.4630944130856078,-0.0009236584543859159,1.0791981341864676,0.0,1.0,1.0,0.0,0.0,0.0,1.0,0.0,1.0,0.0,0.0,1.0,0.0,1.0,0.0,0.0,1.0,0.0,0.0,0.0,1.0,0.0,0.0,1.0,0.0,0.0,1.0,1.0,0.0,1.0,0.0,1.0,0.0,1.0,0.0,1.0,0.0,0
-1.1020516178915203,1.0216363408426503,0.009602929047347738,1.308960584802747,0.5978260439854639,0.26382195873492265,0.5322420106761273,-0.9751194254160229,0.9694778144371162,0.0,1.0,0.0,0.0,0.0,1.0,1.0,0.0,1.0,0.0,0.0,1.0,0.0,1.0,0.0,0.0,1.0,0.0,0.0,0.0,1.0,0.0,0.0,0.0,1.0,0.0,1.0,1.0,0.0,1.0,0.0,0.0,1.0,0.0,1.0,1.0,0.0,0
-0.5754684542368937,-0.9362458407125174,-0.08437695583675477,-0.395046106891331,-0.8180777444011614,-0.7865499863509285,-0.14252693117675233,0.6344214069553773,-0.8079913655023788,0.0,1.0,0.0,0.0,0.0,1.0,1.0,0.0,1.0,0.0,0.0,1.0,0.0,0.0,1.0,0.0,1.0,0.0,0.0,0.0,0.0,1.0,0.0,0.0,1.0,1.0,0.0,1.0,0.0,1.0,0.0,1.0,0.0,0.0,1.0,1.0,0.0,2
0.2670646076105086,2.140426158874175,2.6598356827790384,-0.6328144824765513,1.0697939734476725,1.037351685736131,4.02196832712814,0.549708731567409,1.0117985091975803,0.0,1.0,0.0,0.0,0.0,1.0,1.0,0.0,0.0,1.0,0.0,0.0,1.0,0.0,1.0,0.0,1.0,0.0,0.0,0.0,1.0,0.0,0.0,0.0,1.0,0.0,1.0,1.0,0.0,1.0,0.0,0.0,1.0,0.0,1.0,0.0,1.0,1
-2.365851210662624,-0.6565483862046363,0.44191039951421923,0.5956554580470864,0.5978260439854639,-0.029305095707640467,-0.02905952413887991,0.2955707054035036,1.6575304002201465,0.0,1.0,0.0,0.0,0.0,1.0,1.0,0.0,1.0,0.0,0.0,0.0,1.0,0.0,1.0,0.0,1.0,0.0,0.0,0.0,1.0,0.0,0.0,0.0,1.0,0.0,1.0,1.0,0.0,1.0,0.0,1.0,0.0,0.0,1.0,1.0,0.0,1
-0.8914183524296696,-1.2159432952203986,0.32913453765329626,-0.23653385650118425,0.3146452863081388,0.09283117697676083,-0.4346451492955303,0.5920650692613931,0.5507850742735906,0.0,1.0,1.0,0.0,0.0,0.0,1.0,0.0,1.0,0.0,0.0,1.0,0.0,0.0,1.0,0.0,1.0,0.0,0.0,0.0,0.0,0.0,1.0,1.0,0.0,0.0,1.0,1.0,0.0,0.0,1.0,1.0,0.0,0.0,1.0,1.0,0.0,1
0.5830145058032845,-1.2159432952203986,-0.08437695583675477,-1.7424002352075787,-0.8180777444011614,-0.7865499863509285,-0.14252693117675233,1.6086171739170143,-0.8079913655023788,0.0,1.0,0.0,0.0,0.0,1.0,1.0,0.0,1.0,0.0,0.0,1.0,0.0,0.0,1.0,0.0,1.0,0.0,0.0,0.0,0.0,1.0,0.0,0.0,1.0,1.0,0.0,1.0,0.0,1.0,0.0,1.0,0.0,0.0,1.0,1.0,0.0,3
-1.5233181488152214,1.5810312498584125,-1.8699947686347023,0.8730518962298432,-0.8180777444011614,-0.7865499863509285,-1.100964390624313,-0.33977436000625966,-0.8079913655023788,0.0,1.0,0.0,0.0,1.0,0.0,0.0,1.0,1.0,0.0,0.0,1.0,0.0,0.0,1.0,0.0,1.0,0.0,0.0,0.0,1.0,0.0,0.0,1.0,0.0,1.0,0.0,1.0,0.0,1.0,0.0,0.0,1.0,1.0,0.0,1.0,0.0,0
-1.1020516178915203,-1.2159432952203986,-0.6670522421181903,0.91267995882738,-0.8180777444011614,-0.7865499863509285,-1.1383844929453135,-0.5515560484761808,-0.8079913655023788,0.0,1.0,0.0,0.0,0.0,1.0,1.0,0.0,1.0,0.0,0.0,1.0,0.0,1.0,0.0,0.0,1.0,0.0,0.0,0.0,0.0,0.0,1.0,0.0,1.0,1.0,0.0,1.0,0.0,0.0,1.0,1.0,0.0,1.0,0.0,1.0,0.0,0
-0.8914183524296696,0.35036245002373567,-0.19715281769767776,0.5560273954495497,-0.6292905726162781,-0.6399864591296469,-0.008780242881047395,-0.2550616846182912,-0.5815286255397172,1.0,0.0,0.0,0.0,0.0,1.0,1.0,0.0,0.0,0.0,1.0,0.0,1.0,0.0,1.0,0.0,1.0,0.0,0.0,0.0,1.0,0.0,0.0,0.0,1.0,0.0,1.0,1.0,0.0,1.0,0.0,1.0,0.0,1.0,0.0,0.0,1.0,0
0.5830145058032845,0.4622414318268881,0.5170943074215012,0.6352835206446231,1.0697939734476725,1.135060703883652,0.690372120484226,-0.9327630877220386,0.9192668206535146,0.0,1.0,0.0,0.0,0.0,1.0,1.0,0.0,1.0,0.0,0.0,0.0,1.0,0.0,1.0,0.0,1.0,0.0,0.0,0.0,1.0,0.0,0.0,0.0,1.0,0.0,1.0,1.0,0.0,1.0,0.0,0.0,1.0,0.0,1.0,1.0,0.0,0
0.6883311385342098,0.4622414318268881,-1.1557476435155232,0.6749115832421598,2.0137298323720896,2.144720558074703,-0.813674572805019,-1.017475763110007,1.7397144590775642,0.0,1.0,0.0,0.0,1.0,0.0,1.0,0.0,0.0,0.0,1.0,1.0,0.0,0.0,1.0,0.0,1.0,0.0,0.0,0.0,1.0,0.0,0.0,1.0,0.0,0.0,1.0,1.0,0.0,1.0,0.0,0.0,1.0,1.0,0.0,0.0,1.0,1
1.109597669457911,-2.0550356587440417,-0.08437695583675477,0.2786309572667928,0.22025170041569722,0.35990249324665174,-0.14252693117675233,-0.7633377369461019,0.06778251169697663,1.0,0.0,0.0,0.0,0.0,1.0,1.0,0.0,1.0,0.0,0.0,1.0,0.0,0.0,0.0,1.0,1.0,0.0,0.0,0.0,1.0,0.0,0.0,0.0,1.0,0.0,1.0,1.0,0.0,1.0,0.0,1.0,0.0,0.0,1.0,1.0,0.0,1
-1.3126848833533709,-1.104064313417246,0.06599085997780924,1.6259850855830404,-0.8180777444011614,-0.7865499863509285,-0.5601835570821125,-1.2292574515799282,-0.8079913655023788,0.0,1.0,0.0,0.0,1.0,0.0,1.0,0.0,1.0,0.0,0.0,1.0,0.0,1.0,0.0,0.0,1.0,0.0,0.0,0.0,1.0,0.0,0.0,1.0,0.0,1.0,0.0,1.0,0.0,1.0,0.0,1.0,0.0,0.0,1.0,1.0,0.0,0
0.4776978730723592,-1.7753382042361607,0.02839890602416824,-0.6328144824765513,0.12585811452325546,0.15797052240844153,-0.9464555810408272,0.46499605617944045,0.0705278843527739,1.0,0.0,0.0,0.0,0.0,1.0,1.0,0.0,0.0,0.0,1.0,1.0,0.0,0.0,1.0,0.0,1.0,0.0,0.0,0.0,1.0,0.0,0.0,0.0,1.0,0.0,1.0,1.0,0.0,1.0,0.0,1.0,0.0,0.0,1.0,0.0,1.0,0
0.4776978730723592,-0.20903245899202655,0.23515465276919373,-0.31578998169625766,2.0137298323720896,2.0470115399271815,0.06171440149141802,0.12614535462756674,1.8275663840630794,0.0,1.0,0.0,0.0,0.0,1.0,1.0,0.0,0.0,0.0,1.0,0.0,1.0,0.0,1.0,0.0,0.0,0.0,1.0,0.0,0.0,0.0,1.0,0.0,1.0,0.0,1.0,0.0,1.0,0.0,1.0,1.0,0.0,0.0,1.0,0.0,1.0,3
0.7936477712651351,0.35036245002373567,-1.5128712060751128,-0.5139302946839411,2.5800913477267398,2.789600077848341,-1.1748389152064171,0.21085803001553516,2.199136820887062,0.0,1.0,0.0,0.0,0.0,1.0,1.0,0.0,0.0,0.0,1.0,0.0,1.0,0.0,1.0,0.0,0.0,1.0,0.0,0.0,1.0,0.0,0.0,0.0,1.0,0.0,1.0,0.0,1.0,1.0,0.0,1.0,0.0,1.0,0.0,0.0,1.0,4
0.6883311385342098,-1.6634592224330083,1.3441172944016033,0.8730518962298432,-0.8180777444011614,-0.7865499863509285,-0.024713963869344373,-1.2292574515799282,-0.8079913655023788,1.0,0.0,0.0,0.0,1.0,0.0,1.0,0.0,1.0,0.0,0.0,1.0,0.0,1.0,0.0,0.0,0.0,1.0,0.0,0.0,1.0,0.0,0.0,1.0,0.0,1.0,0.0,0.0,1.0,1.0,0.0,1.0,0.0,0.0,1.0,1.0,0.0,0
1.4255475676506868,-0.6565483862046363,-0.17835684072085725,-2.6538456749509227,0.12585811452325546,0.3045340496297231,-0.5070711537877892,2.2439622393267777,-0.04748216413523169,0.0,1.0,0.0,0.0,0.0,1.0,1.0,0.0,1.0,0.0,0.0,1.0,0.0,0.0,1.0,0.0,1.0,0.0,0.0,0.0,1.0,0.0,0.0,0.0,1.0,0.0,1.0,1.0,0.0,1.0,0.0,1.0,0.0,1.0,0.0,1.0,0.0,2
0.5830145058032845,-0.09715347718887411,-0.08437695583675477,-0.395046106891331,1.0697939734476725,1.135060703883652,-0.14252693117675233,0.16850169232155096,0.9192668206535146,0.0,1.0,0.0,0.0,1.0,0.0,1.0,0.0,1.0,0.0,0.0,0.0,1.0,0.0,0.0,1.0,1.0,0.0,0.0,0.0,1.0,0.0,0.0,1.0,0.0,0.0,1.0,1.0,0.0,1.0,0.0,1.0,0.0,0.0,1.0,1.0,0.0,2
-0.8914183524296696,-0.20903245899202655,1.1561575246333982,1.2693325222052103,-0.8180777444011614,-0.7865499863509285,0.8188075684504986,-1.017475763110007,-0.8079913655023788,0.0,1.0,0.0,1.0,0.0,0.0,1.0,0.0,0.0,0.0,1.0,1.0,0.0,1.0,0.0,0.0,1.0,0.0,0.0,0.0,1.0,0.0,0.0,1.0,0.0,1.0,0.0,1.0,0.0,1.0,0.0,1.0,0.0,0.0,1.0,0.0,1.0,0
0.7936477712651351,0.7978783772363454,-0.10317293281357526,0.3975151450594029,2.0137298323720896,2.1935750671484633,0.307238556720176,-0.7633377369461019,1.697948789822155,0.0,1.0,0.0,0.0,0.0,1.0,1.0,0.0,1.0,0.0,0.0,0.0,1.0,0.0,0.0,1.0,1.0,0.0,0.0,0.0,1.0,0.0,0.0,0.0,1.0,0.0,1.0,1.0,0.0,1.0,0.0,0.0,1.0,0.0,1.0,1.0,0.0,2
-0.25951855604411783,-0.3768509316967552,-1.0993597125850618,0.2786309572667928,-0.8180777444011614,-0.7865499863509285,-1.103378590774055,-0.212705346924307,-0.8079913655023788,0.0,1.0,0.0,1.0,0.0,0.0,1.0,0.0,1.0,0.0,0.0,1.0,0.0,0.0,1.0,0.0,1.0,0.0,0.0,0.0,1.0,0.0,0.0,1.0,0.0,1.0,0.0,1.0,0.0,1.0,0.0,1.0,0.0,1.0,0.0,1.0,0.0,0
-0.15420192331319255,0.4622414318268881,2.9605713144081665,-0.5535583572814778,1.0697939734476725,0.9070729948727695,2.8872942567494153,0.6344214069553773,1.151782345712962,0.0,1.0,0.0,0.0,0.0,1.0,1.0,0.0,1.0,0.0,0.0,0.0,1.0,0.0,1.0,0.0,1.0,0.0,0.0,0.0,1.0,0.0,0.0,0.0,1.0,0.0,1.0,1.0,0.0,1.0,0.0,0.0,1.0,0.0,1.0,1.0,0.0,1
-0.680785086967819,0.4622414318268881,0.5546862613751422,-0.5139302946839411,-0.8180777444011614,-0.7865499863509285,0.7241709225806136,0.8038467577313142,-0.8079913655023788,0.0,1.0,0.0,0.0,0.0,1.0,0.0,1.0,1.0,0.0,0.0,0.0,1.0,0.0,1.0,0.0,1.0,0.0,0.0,0.0,1.0,0.0,0.0,0.0,1.0,0.0,1.0,1.0,0.0,1.0,0.0,0.0,1.0,0.0,1.0,1.0,0.0,0
0.8989644039960604,0.4622414318268881,0.46070637649103974,0.5560273954495497,0.12585811452325546,0.2231098678401222,0.6396739173396447,-0.9751194254160229,0.013849223071796299,0.0,1.0,0.0,1.0,0.0,0.0,1.0,0.0,1.0,0.0,0.0,1.0,0.0,1.0,0.0,0.0,1.0,0.0,0.0,0.0,1.0,0.0,0.0,1.0,0.0,0.0,1.0,1.0,0.0,1.0,0.0,0.0,1.0,0.0,1.0,1.0,0.0,0
-1.1020516178915203,0.5741204136300405,-0.7422361500254723,0.0012345190840359305,-0.8180777444011614,-0.7865499863509285,-0.39191380664509745,0.42263971848545623,-0.8079913655023788,0.0,1.0,0.0,1.0,0.0,0.0,1.0,0.0,1.0,0.0,0.0,1.0,0.0,0.0,1.0,0.0,1.0,0.0,0.0,0.0,1.0,0.0,0.0,1.0,0.0,1.0,0.0,1.0,0.0,1.0,0.0,0.0,1.0,1.0,0.0,1.0,0.0,0
0.5830145058032845,-0.6565483862046363,-0.08437695583675477,-0.9102109206593081,-0.8180777444011614,-0.7865499863509285,-0.14252693117675233,0.7191340823433457,-0.8079913655023788,0.0,1.0,0.0,0.0,0.0,1.0,1.0,0.0,1.0,0.0,0.0,1.0,0.0,0.0,1.0,0.0,1.0,0.0,0.0,0.0,1.0,0.0,0.0,0.0,1.0,1.0,0.0,1.0,0.0,1.0,0.0,1.0,0.0,0.0,1.0,1.0,0.0,2
-2.049901312469848,-0.9362458407125174,-0.08437695583675477,0.6352835206446231,-0.6292905726162781,-0.6758130991170714,-0.14252693117675233,0.12614535462756674,-0.5082612684929737,0.0,1.0,0.0,0.0,0.0,1.0,1.0,0.0,1.0,0.0,0.0,1.0,0.0,1.0,0.0,0.0,1.0,0.0,0.0,0.0,1.0,0.0,0.0,0.0,1.0,0.0,1.0,1.0,0.0,1.0,0.0,1.0,0.0,0.0,1.0,1.0,0.0,1
-0.25951855604411783,-1.2159432952203986,-1.3437074132837283,-0.5931864198790145,-0.2517162290465113,-0.28823399379857123,-1.6163961225942227,0.7191340823433457,-0.2085311714835687,0.0,1.0,0.0,0.0,1.0,0.0,1.0,0.0,1.0,0.0,0.0,1.0,0.0,1.0,0.0,0.0,1.0,0.0,0.0,0.0,1.0,0.0,0.0,1.0,0.0,0.0,1.0,1.0,0.0,1.0,0.0,1.0,0.0,1.0,0.0,1.0,0.0,0
-0.7861017196987443,-1.2159432952203986,-0.15956086374403677,0.08049064427910932,0.12585811452325546,-0.03744751388660055,-0.7798757707086315,0.21085803001553516,0.29970681909759633,0.0,1.0,0.0,0.0,0.0,1.0,1.0,0.0,0.0,1.0,0.0,0.0,1.0,0.0,1.0,0.0,1.0,0.0,0.0,0.0,1.0,0.0,0.0,0.0,1.0,0.0,1.0,1.0,0.0,1.0,0.0,1.0,0.0,1.0,0.0,0.0,1.0,0
0.37238124034143394,-1.2159432952203986,-0.8550120118863953,-0.47430223208640443,0.5978260439854639,0.6058035222512462,-1.2711655011811216,0.33792704309748783,0.5329064369081173,0.0,1.0,0.0,0.0,0.0,1.0,1.0,0.0,1.0,0.0,0.0,0.0,1.0,0.0,1.0,0.0,1.0,0.0,0.0,0.0,0.0,1.0,0.0,0.0,1.0,0.0,1.0,1.0,0.0,1.0,0.0,1.0,0.0,1.0,0.0,1.0,0.0,0
-0.7861017196987443,0.12660448641743077,1.1937494785870393,-0.47430223208640443,-0.8180777444011614,-0.7865499863509285,1.0742299442931986,0.8038467577313142,-0.8079913655023788,0.0,1.0,0.0,0.0,0.0,1.0,1.0,0.0,1.0,0.0,0.0,1.0,0.0,0.0,1.0,0.0,1.0,0.0,0.0,0.0,1.0,0.0,0.0,0.0,1.0,1.0,0.0,1.0,0.0,1.0,0.0,1.0,0.0,0.0,1.0,1.0,0.0,2
0.2670646076105086,-0.09715347718887411,0.17876672183873224,0.1597467694741827,-0.2517162290465113,-0.2393794847248107,0.0771652824497666,-0.29741802231227543,-0.26205440309239103,0.0,1.0,0.0,0.0,1.0,0.0,0.0,1.0,0.0,0.0,1.0,0.0,1.0,0.0,1.0,0.0,0.0,1.0,0.0,0.0,0.0,1.0,0.0,1.0,0.0,0.0,1.0,0.0,1.0,1.0,0.0,1.0,0.0,0.0,1.0,0.0,1.0,2
-1.733951414277072,-0.6565483862046363,0.25395062974601423,-0.31578998169625766,-0.8180777444011614,-0.7865499863509285,-0.17391153312339788,1.0156284462012353,-0.8079913655023788,1.0,0.0,0.0,1.0,0.0,0.0,1.0,0.0,1.0,0.0,0.0,1.0,0.0,0.0,1.0,0.0,1.0,0.0,0.0,0.0,1.0,0.0,0.0,1.0,0.0,1.0,0.0,1.0,0.0,1.0,0.0,1.0,0.0,0.0,1.0,1.0,0.0,0
0.1617479748795833,-0.09715347718887411,-0.02798902490629326,0.08049064427910932,-0.2517162290465113,-0.3142897319712435,-0.14252693117675233,-0.04327999614837013,-0.2716322445381803,0.0,1.0,0.0,0.0,1.0,0.0,0.0,1.0,0.0,1.0,0.0,1.0,0.0,0.0,1.0,0.0,1.0,0.0,0.0,0.0,1.0,0.0,0.0,1.0,0.0,0.0,1.0,1.0,0.0,1.0,0.0,1.0,0.0,0.0,1.0,0.0,1.0,1
0.05643134214865803,-0.09715347718887411,-0.8174200579327543,0.08049064427910932,-0.2517162290465113,-0.3142897319712435,-0.14252693117675233,-0.04327999614837013,-0.2716322445381803,0.0,1.0,0.0,0.0,1.0,0.0,1.0,0.0,0.0,1.0,0.0,1.0,0.0,0.0,1.0,0.0,1.0,0.0,0.0,0.0,1.0,0.0,0.0,1.0,0.0,0.0,1.0,1.0,0.0,1.0,0.0,1.0,0.0,1.0,0.0,0.0,1.0,0
-0.47015182150596846,-0.09715347718887411,0.4231144225373987,0.9919360840224534,-0.8180777444011614,-0.7865499863509285,0.2811651951029628,-0.8904067500280545,-0.8079913655023788,1.0,0.0,0.0,0.0,0.0,1.0,1.0,0.0,1.0,0.0,0.0,1.0,0.0,1.0,0.0,0.0,1.0,0.0,0.0,0.0,1.0,0.0,0.0,0.0,1.0,1.0,0.0,1.0,0.0,1.0,0.0,1.0,0.0,0.0,1.0,1.0,0.0,0
-0.9967349851605949,-0.09715347718887411,-0.5918683342109082,-0.11764966870857416,-0.8180777444011614,-0.7865499863509285,-0.5662190574564674,0.5073523938734247,-0.8079913655023788,0.0,1.0,0.0,1.0,0.0,0.0,1.0,0.0,1.0,0.0,0.0,1.0,0.0,0.0,1.0,0.0,1.0,0.0,0.0,0.0,1.0,0.0,0.0,1.0,0.0,1.0,0.0,1.0,0.0,1.0,0.0,1.0,0.0,1.0,0.0,1.0,0.0,0
-0.04888529058226727,-0.09715347718887411,0.32913453765329626,0.1993748320717194,-0.44050340083139466,-0.4413114555630208,0.20270369023634885,-0.212705346924307,-0.4234319957544629,1.0,0.0,0.0,0.0,0.0,1.0,1.0,0.0,0.0,0.0,1.0,1.0,0.0,0.0,1.0,0.0,1.0,0.0,0.0,0.0,1.0,0.0,0.0,0.0,1.0,0.0,1.0,1.0,0.0,1.0,0.0,1.0,0.0,0.0,1.0,0.0,1.0,0
-0.680785086967819,0.35036245002373567,0.19756269881555275,0.7145396458396964,-0.8180777444011614,-0.7865499863509285,0.34103735881656355,-0.5091997107821965,-0.8079913655023788,0.0,1.0,0.0,0.0,1.0,0.0,1.0,0.0,0.0,0.0,1.0,1.0,0.0,1.0,0.0,0.0,1.0,0.0,0.0,0.0,1.0,0.0,0.0,1.0,0.0,1.0,0.0,1.0,0.0,1.0,0.0,1.0,0.0,0.0,1.0,0.0,1.0,0
-1.2073682506224455,-0.6565483862046363,-0.12196890979039576,2.220406024546091,-0.06292905726162788,-0.2393794847248107,-0.46361555109243385,-1.9069588546836758,0.16256323433759953,0.0,1.0,0.0,0.0,1.0,0.0,0.0,1.0,1.0,0.0,0.0,1.0,0.0,0.0,0.0,1.0,1.0,0.0,0.0,0.0,0.0,0.0,1.0,1.0,0.0,0.0,1.0,1.0,0.0,0.0,1.0,1.0,0.0,0.0,1.0,1.0,0.0,0
1.2149143021888362,1.5810312498584125,2.1335483274280644,0.516399332852013,-0.06292905726162788,0.06026150426092049,3.0128326645359977,-1.0598321008039913,-0.18086377791346978,1.0,0.0,0.0,0.0,1.0,0.0,1.0,0.0,0.0,0.0,1.0,1.0,0.0,1.0,0.0,0.0,1.0,0.0,0.0,0.0,1.0,0.0,0.0,1.0,0.0,0.0,1.0,1.0,0.0,1.0,0.0,0.0,1.0,0.0,1.0,0.0,1.0,0
-0.7861017196987443,-0.09715347718887411,-0.15956086374403677,-1.9009124855977255,-0.8180777444011614,-0.7865499863509285,-0.20529613507004346,2.328674914714746,-0.8079913655023788,1.0,0.0,0.0,0.0,0.0,1.0,1.0,0.0,1.0,0.0,0.0,1.0,0.0,0.0,1.0,0.0,1.0,0.0,0.0,0.0,1.0,0.0,0.0,0.0,1.0,1.0,0.0,1.0,0.0,1.0,0.0,1.0,0.0,1.0,0.0,1.0,0.0,0
1.0042810367269857,2.140426158874175,-1.3061154593300872,-2.1386808611829458,1.541761902909881,1.7783117400214987,-0.30789964143407705,1.8627552000809195,1.2139973841642424,0.0,1.0,0.0,0.0,0.0,1.0,1.0,0.0,1.0,0.0,0.0,0.0,1.0,0.0,0.0,1.0,1.0,0.0,0.0,0.0,1.0,0.0,0.0,0.0,1.0,0.0,1.0,1.0,0.0,1.0,0.0,0.0,1.0,1.0,0.0,1.0,0.0,4
0.05643134214865803,-1.327822277023551,1.1749535016102188,0.7145396458396964,-0.8180777444011614,-0.7865499863509285,0.08827060313857965,-0.805694074640086,-0.8079913655023788,0.0,1.0,0.0,1.0,0.0,0.0,1.0,0.0,1.0,0.0,0.0,1.0,0.0,1.0,0.0,0.0,1.0,0.0,0.0,0.0,0.0,0.0,1.0,1.0,0.0,1.0,0.0,1.0,0.0,0.0,1.0,1.0,0.0,0.0,1.0,1.0,0.0,0
-0.3648351887750431,0.4622414318268881,-0.25354074862813925,0.9919360840224534,-0.2517162290465113,-0.29800489561332333,-0.0025033224917182825,-0.9327630877220386,-0.19654196760319248,0.0,1.0,0.0,0.0,1.0,0.0,1.0,0.0,1.0,0.0,0.0,1.0,0.0,0.0,1.0,0.0,0.0,1.0,0.0,0.0,0.0,0.0,1.0,1.0,0.0,0.0,1.0,0.0,1.0,0.0,1.0,0.0,1.0,1.0,0.0,1.0,0.0,1
2.162763996767164,1.0216363408426503,0.21635867579237325,-0.31578998169625766,2.9576656912965062,4.033761575593442,0.7314135230298395,-0.5515560484761808,1.946285201611073,0.0,1.0,0.0,0.0,0.0,1.0,0.0,1.0,0.0,1.0,0.0,0.0,1.0,0.0,0.0,1.0,1.0,0.0,0.0,0.0,1.0,0.0,0.0,0.0,1.0,0.0,1.0,1.0,0.0,1.0,0.0,0.0,1.0,0.0,1.0,0.0,1.0,3
-1.9445846797389226,-0.5446694044014839,-1.0241758046777798,1.427844772595357,-0.8180777444011614,-0.7865499863509285,-1.1125525513430745,-0.7633377369461019,-0.8079913655023788,0.0,1.0,0.0,1.0,0.0,0.0,1.0,0.0,1.0,0.0,0.0,1.0,0.0,1.0,0.0,0.0,1.0,0.0,0.0,0.0,1.0,0.0,0.0,1.0,0.0,1.0,0.0,1.0,0.0,1.0,0.0,1.0,0.0,1.0,0.0,1.0,0.0,0
-0.3648351887750431,0.7419388863347692,-0.08437695583675477,0.04086258168157263,-0.15732264315406966,-0.21658071382372246,-0.14252693117675233,0.08378901693358252,-0.09463373461999486,0.0,1.0,0.0,0.0,0.0,1.0,1.0,0.0,1.0,0.0,0.0,0.0,1.0,0.0,1.0,0.0,1.0,0.0,0.0,0.0,1.0,0.0,0.0,0.0,1.0,0.0,1.0,1.0,0.0,1.0,0.0,0.0,1.0,0.0,1.0,1.0,0.0,1
0.37238124034143394,0.4622414318268881,-0.10317293281357526,-0.5931864198790145,-0.6292905726162781,-0.6009028518706385,0.13269188589383182,0.46499605617944045,-0.6292049918476459,1.0,0.0,0.0,0.0,0.0,1.0,1.0,0.0,1.0,0.0,0.0,0.0,1.0,0.0,1.0,0.0,1.0,0.0,0.0,0.0,0.0,0.0,1.0,0.0,1.0,0.0,1.0,1.0,0.0,0.0,1.0,0.0,1.0,0.0,1.0,1.0,0.0,1
-0.7861017196987443,-0.6565483862046363,-0.29113270258178026,-0.9102109206593081,-0.8180777444011614,-0.7865499863509285,-0.5939823591785001,1.2697664723651405,-0.8079913655023788,0.0,1.0,0.0,0.0,0.0,1.0,1.0,0.0,1.0,0.0,0.0,0.0,1.0,0.0,1.0,0.0,1.0,0.0,0.0,0.0,1.0,0.0,0.0,0.0,1.0,0.0,1.0,1.0,0.0,1.0,0.0,1.0,0.0,1.0,0.0,1.0,0.0,1
-0.47015182150596846,-0.09715347718887411,-1.9639746535188047,0.08049064427910932,-0.2517162290465113,-0.3142897319712435,-0.14252693117675233,-0.04327999614837013,-0.2716322445381803,0.0,1.0,0.0,0.0,1.0,0.0,1.0,0.0,1.0,0.0,0.0,1.0,0.0,0.0,1.0,0.0,1.0,0.0,0.0,0.0,1.0,0.0,0.0,1.0,0.0,0.0,1.0,1.0,0.0,1.0,0.0,1.0,0.0,1.0,0.0,1.0,0.0,3
1.0042810367269857,0.4622414318268881,-1.1181556895618823,0.23900289466925612,2.9576656912965062,3.317228775844955,-0.7798757707086315,-0.6786250615581334,2.427190633964215,0.0,1.0,0.0,0.0,0.0,1.0,1.0,0.0,0.0,0.0,1.0,0.0,1.0,1.0,0.0,0.0,0.0,0.0,1.0,0.0,0.0,0.0,1.0,0.0,1.0,0.0,1.0,0.0,1.0,0.0,1.0,0.0,1.0,1.0,0.0,0.0,1.0,2
-1.5233181488152214,-2.110975149645618,-0.8926039658400363,1.6259850855830404,-0.8180777444011614,-0.7865499863509285,-1.6820623666672043,-1.1445447761919598,-0.8079913655023788,1.0,0.0,0.0,0.0,1.0,0.0,1.0,0.0,1.0,0.0,0.0,1.0,0.0,1.0,0.0,0.0,1.0,0.0,0.0,0.0,1.0,0.0,0.0,1.0,0.0,1.0,0.0,1.0,0.0,1.0,0.0,1.0,0.0,1.0,0.0,1.0,0.0,0
0.05643134214865803,-1.327822277023551,0.3855224685837577,1.1504483344126002,-0.8180777444011614,-0.7865499863509285,-0.4592699908228983,-1.2716137892739123,-0.8079913655023788,1.0,0.0,0.0,0.0,1.0,0.0,1.0,0.0,0.0,0.0,1.0,1.0,0.0,1.0,0.0,0.0,1.0,0.0,0.0,0.0,1.0,0.0,0.0,1.0,0.0,1.0,0.0,1.0,0.0,1.0,0.0,1.0,0.0,0.0,1.0,0.0,1.0,0
1.3202309349197616,0.4622414318268881,-0.08437695583675477,-1.7424002352075787,0.12585811452325546,0.2882492132718029,-0.14252693117675233,1.312122810059125,-0.03595929744785063,0.0,1.0,0.0,0.0,0.0,1.0,1.0,0.0,1.0,0.0,0.0,0.0,1.0,0.0,1.0,0.0,1.0,0.0,0.0,0.0,1.0,0.0,0.0,0.0,1.0,0.0,1.0,1.0,0.0,1.0,0.0,0.0,1.0,0.0,1.0,1.0,0.0,1
-0.8914183524296696,-0.9362458407125174,0.25395062974601423,1.8637534611682607,-0.8180777444011614,-0.7865499863509285,-0.3308345428566257,-1.6528208285197703,-0.8079913655023788,0.0,1.0,0.0,0.0,0.0,1.0,1.0,0.0,0.0,0.0,1.0,1.0,0.0,1.0,0.0,0.0,1.0,0.0,0.0,0.0,1.0,0.0,0.0,0.0,1.0,1.0,0.0,1.0,0.0,1.0,0.0,1.0,0.0,0.0,1.0,0.0,1.0,0
1.7414974658434628,-0.09715347718887411,1.4193012023088853,-1.1479792962445283,1.4473683170174392,1.9493025217796605,1.1128571466890702,0.5073523938734247,0.939006914209582,0.0,1.0,0.0,0.0,0.0,1.0,1.0,0.0,0.0,0.0,1.0,1.0,0.0,0.0,1.0,0.0,0.0,0.0,0.0,1.0,1.0,0.0,0.0,0.0,1.0,0.0,1.0,0.0,1.0,1.0,0.0,1.0,0.0,0.0,1.0,0.0,1.0,1
0.5830145058032845,0.4622414318268881,0.7614420081201677,0.4767712702544763,-0.8180777444011614,-0.7865499863509285,0.910064334110745,-0.7633377369461019,-0.8079913655023788,0.0,1.0,0.0,1.0,0.0,0.0,1.0,0.0,1.0,0.0,0.0,1.0,0.0,0.0,1.0,0.0,1.0,0.0,0.0,0.0,1.0,0.0,0.0,1.0,0.0,1.0,0.0,1.0,0.0,1.0,0.0,0.0,1.0,0.0,1.0,1.0,0.0,0
1.4255475676506868,1.1335153226458028,0.5734822383519628,1.3485886474002837,-0.8180777444011614,-0.7865499863509285,1.1423103885159223,-2.0340278677656283,-0.8079913655023788,1.0,0.0,0.0,0.0,1.0,0.0,1.0,0.0,1.0,0.0,0.0,1.0,0.0,1.0,0.0,0.0,0.0,1.0,0.0,0.0,1.0,0.0,0.0,1.0,0.0,1.0,0.0,0.0,1.0,1.0,0.0,0.0,1.0,0.0,1.0,1.0,0.0,0
-1.1020516178915203,0.4622414318268881,-0.08437695583675477,0.08049064427910932,-0.346109814938953,-0.4364260046556448,-0.14252693117675233,0.33792704309748783,-0.21550163885588045,0.0,1.0,0.0,0.0,0.0,1.0,1.0,0.0,0.0,1.0,0.0,0.0,1.0,1.0,0.0,0.0,1.0,0.0,0.0,0.0,0.0,0.0,1.0,0.0,1.0,0.0,1.0,1.0,0.0,0.0,1.0,0.0,1.0,0.0,1.0,0.0,1.0,2
-1.2073682506224455,0.2384834682205832,1.2877293634711418,-0.5139302946839411,0.881006801662789,0.4445836423078367,1.2311529540264265,1.0156284462012353,1.3757564841375722,0.0,1.0,0.0,0.0,0.0,1.0,1.0,0.0,1.0,0.0,0.0,0.0,1.0,0.0,1.0,0.0,1.0,0.0,0.0,0.0,0.0,1.0,0.0,0.0,1.0,0.0,1.0,1.0,0.0,1.0,0.0,1.0,0.0,0.0,1.0,1.0,0.0,2
-0.8914183524296696,-1.5515802406298558,-0.7234401730486518,0.3975151450594029,2.0137298323720896,1.4119029219682948,-1.3288648847599547,-0.08563633384235435,2.588949733937545,0.0,1.0,0.0,0.0,0.0,1.0,1.0,0.0,0.0,0.0,1.0,0.0,1.0,0.0,1.0,0.0,1.0,0.0,0.0,0.0,1.0,0.0,0.0,0.0,1.0,0.0,1.0,1.0,0.0,1.0,0.0,1.0,0.0,1.0,0.0,0.0,1.0,0
0.05643134214865803,0.4622414318268881,-0.5730723572340878,-1.3064915466346751,0.5978260439854639,0.5325217586406055,-0.2897931403110123,1.354479147753109,0.6074007592642561,0.0,1.0,0.0,0.0,0.0,1.0,1.0,0.0,1.0,0.0,0.0,1.0,0.0,0.0,1.0,0.0,1.0,0.0,0.0,0.0,1.0,0.0,0.0,0.0,1.0,0.0,1.0,1.0,0.0,1.0,0.0,0.0,1.0,1.0,0.0,1.0,0.0,1
0.1617479748795833,-0.6565483862046363,-0.49788844932680576,-0.15727773130611086,-0.8180777444011614,-0.7865499863509285,-0.7533195690614698,0.08378901693358252,-0.8079913655023788,0.0,1.0,0.0,0.0,1.0,0.0,1.0,0.0,0.0,0.0,1.0,1.0,0.0,0.0,1.0,0.0,1.0,0.0,0.0,0.0,1.0,0.0,0.0,1.0,0.0,1.0,0.0,1.0,0.0,1.0,0.0,1.0,0.0,1.0,0.0,0.0,1.0,0
1.0042810367269857,-0.09715347718887411,0.14117476788509123,0.3578870824618662,0.5034324580930222,0.6497725804176305,0.04578068050312104,-0.805694074640086,0.324322334310929,0.0,1.0,0.0,0.0,0.0,1.0,1.0,0.0,0.0,0.0,1.0,1.0,0.0,0.0,1.0,0.0,0.0,1.0,0.0,0.0,0.0,0.0,1.0,0.0,1.0,0.0,1.0,0.0,1.0,0.0,1.0,1.0,0.0,0.0,1.0,0.0,1.0,2
0.2670646076105086,1.3013337953505313,1.7952207418452952,0.4767712702544763,2.0137298323720896,1.9493025217796605,2.4587737301702166,-0.6362687238641491,1.9216934465475597,0.0,1.0,0.0,0.0,0.0,1.0,0.0,1.0,1.0,0.0,0.0,0.0,1.0,0.0,1.0,0.0,1.0,0.0,0.0,0.0,1.0,0.0,0.0,0.0,1.0,0.0,1.0,1.0,0.0,1.0,0.0,0.0,1.0,0.0,1.0,1.0,0.0,1
-1.418001516084296,-0.09715347718887411,-0.5918683342109082,0.0012345190840359305,-0.8180777444011614,-0.7865499863509285,-0.5662190574564674,0.549708731567409,-0.8079913655023788,0.0,1.0,0.0,0.0,1.0,0.0,1.0,0.0,1.0,0.0,0.0,1.0,0.0,0.0,1.0,0.0,1.0,0.0,0.0,0.0,1.0,0.0,0.0,1.0,0.0,1.0,0.0,1.0,0.0,1.0,0.0,1.0,0.0,1.0,0.0,1.0,0.0,0
-0.25951855604411783,-0.09715347718887411,-0.49788844932680576,0.8730518962298432,1.0697939734476725,0.8745033221569292,-0.48775755258985354,-0.8480504123340703,1.190209281226988,1.0,0.0,0.0,0.0,1.0,0.0,1.0,0.0,1.0,0.0,0.0,0.0,1.0,1.0,0.0,0.0,1.0,0.0,0.0,0.0,1.0,0.0,0.0,1.0,0.0,0.0,1.0,1.0,0.0,1.0,0.0,1.0,0.0,1.0,0.0,1.0,0.0,0
1.109597669457911,-0.20903245899202655,0.31033856067647575,-1.3064915466346751,-0.6292905726162781,-0.5781040809695503,0.12351792532481236,0.9309157708132668,-0.6487597514661324,0.0,1.0,0.0,0.0,0.0,1.0,1.0,0.0,1.0,0.0,0.0,0.0,1.0,0.0,1.0,0.0,0.0,1.0,0.0,0.0,0.0,0.0,1.0,0.0,1.0,0.0,1.0,0.0,1.0,0.0,1.0,1.0,0.0,0.0,1.0,1.0,0.0,0
0.4776978730723592,0.2384834682205832,-1.5504631600287537,-1.5442599222198952,1.0697939734476725,1.1024910311678116,-1.2477477597286246,1.4391918231410774,0.9490471342079265,0.0,1.0,0.0,1.0,0.0,0.0,1.0,0.0,0.0,1.0,0.0,0.0,1.0,0.0,1.0,0.0,1.0,0.0,0.0,0.0,1.0,0.0,0.0,1.0,0.0,0.0,1.0,1.0,0.0,1.0,0.0,1.0,0.0,1.0,0.0,0.0,1.0,1
-0.04888529058226727,-1.4956407497282795,-0.08437695583675477,-0.9102109206593081,-0.8180777444011614,-0.7865499863509285,-0.14252693117675233,0.9732721085072511,-0.8079913655023788,0.0,1.0,0.0,0.0,1.0,0.0,1.0,0.0,1.0,0.0,0.0,1.0,0.0,0.0,1.0,0.0,1.0,0.0,0.0,0.0,0.0,0.0,1.0,1.0,0.0,1.0,0.0,1.0,0.0,0.0,1.0,1.0,0.0,0.0,1.0,1.0,0.0,1
0.5830145058032845,2.140426158874175,1.4944851102161674,0.08049064427910932,2.391304175941856,2.480188187047858,2.749684848214123,-0.33977436000625966,2.12834755096264,0.0,1.0,0.0,0.0,0.0,1.0,1.0,0.0,0.0,0.0,1.0,0.0,1.0,0.0,0.0,1.0,1.0,0.0,0.0,0.0,0.0,0.0,1.0,0.0,1.0,0.0,1.0,1.0,0.0,0.0,1.0,0.0,1.0,0.0,1.0,0.0,1.0,2
0.37238124034143394,0.4622414318268881,-0.6106643111877288,0.23900289466925612,1.0697939734476725,1.0699213584519711,-0.3235919424073998,-0.4244870353942281,0.9798723710449494,0.0,1.0,0.0,0.0,0.0,1.0,1.0,0.0,0.0,1.0,0.0,0.0,1.0,0.0,1.0,0.0,1.0,0.0,0.0,0.0,0.0,1.0,0.0,0.0,1.0,0.0,1.0,1.0,0.0,1.0,0.0,0.0,1.0,1.0,0.0,0.0,1.0,2
1.4255475676506868,-0.09715347718887411,2.3027121202194487,0.08049064427910932,-0.2517162290465113,-0.3142897319712435,-0.14252693117675233,-0.04327999614837013,-0.2716322445381803,0.0,1.0,0.0,0.0,0.0,1.0,1.0,0.0,1.0,0.0,0.0,1.0,0.0,0.0,1.0,0.0,1.0,0.0,0.0,0.0,1.0,0.0,0.0,0.0,1.0,0.0,1.0,1.0,0.0,1.0,0.0,1.0,0.0,0.0,1.0,1.0,0.0,3
-0.15420192331319255,1.1335153226458028,0.9681977548651932,1.5863570229855037,0.3146452863081388,0.22962380238329025,1.52761673241474,-1.6528208285197703,0.3678728612268255,0.0,1.0,1.0,0.0,0.0,0.0,0.0,1.0,1.0,0.0,0.0,1.0,0.0,0.0,1.0,0.0,1.0,0.0,0.0,0.0,0.0,0.0,1.0,1.0,0.0,0.0,1.0,1.0,0.0,0.0,1.0,0.0,1.0,0.0,1.0,1.0,0.0,0
0.1617479748795833,0.4622414318268881,0.4043184455605782,-0.395046106891331,0.5978260439854639,0.5569490131774858,0.5889757141950634,0.33792704309748783,0.5816663569957717,0.0,1.0,0.0,0.0,0.0,1.0,1.0,0.0,1.0,0.0,0.0,0.0,1.0,0.0,1.0,0.0,1.0,0.0,0.0,0.0,1.0,0.0,0.0,0.0,1.0,0.0,1.0,1.0,0.0,1.0,0.0,0.0,1.0,0.0,1.0,1.0,0.0,1
0.37238124034143394,1.0216363408426503,0.5546862613751422,-1.0290951084519182,-0.2517162290465113,-0.22960858291005867,1.0573305432450049,0.9309157708132668,-0.2716322445381803,0.0,1.0,0.0,0.0,0.0,1.0,1.0,0.0,0.0,0.0,1.0,0.0,1.0,0.0,1.0,0.0,0.0,1.0,0.0,0.0,0.0,1.0,0.0,0.0,1.0,0.0,1.0,0.0,1.0,1.0,0.0,0.0,1.0,0.0,1.0,0.0,1.0,1
0.05643134214865803,1.0216363408426503,2.227528212312167,-0.15727773130611086,0.12585811452325546,0.09283117697676083,2.6688091431977674,0.12614535462756674,0.13560338434204444,0.0,1.0,0.0,0.0,0.0,1.0,1.0,0.0,0.0,1.0,0.0,1.0,0.0,1.0,0.0,0.0,1.0,0.0,0.0,0.0,1.0,0.0,0.0,0.0,1.0,0.0,1.0,1.0,0.0,1.0,0.0,0.0,1.0,0.0,1.0,0.0,1.0,0
-0.15420192331319255,-0.20903245899202655,-0.7798281039791133,1.824125398570724,-0.8180777444011614,-0.7865499863509285,-0.7726331702594056,-1.9069588546836758,-0.8079913655023788,0.0,1.0,0.0,1.0,0.0,0.0,0.0,1.0,1.0,0.0,0.0,1.0,0.0,1.0,0.0,0.0,1.0,0.0,0.0,0.0,1.0,0.0,0.0,1.0,0.0,1.0,0.0,1.0,0.0,1.0,0.0,1.0,0.0,1.0,0.0,1.0,0.0,0
1.0042810367269857,-1.7753382042361607,-0.08437695583675477,-1.1479792962445283,-1.6676200174331368,-1.7099002078450023,-0.14252693117675233,0.8038467577313142,-1.5359073153823624,0.0,1.0,0.0,0.0,0.0,1.0,1.0,0.0,1.0,0.0,0.0,1.0,0.0,0.0,1.0,0.0,1.0,0.0,0.0,0.0,1.0,0.0,0.0,0.0,1.0,1.0,0.0,1.0,0.0,1.0,0.0,1.0,0.0,0.0,1.0,1.0,0.0,1
0.1617479748795833,0.4622414318268881,-0.08437695583675477,0.4767712702544763,-0.6292905726162781,-0.6074167864138066,-0.14252693117675233,-0.593912386170165,-0.6227036691692921,0.0,1.0,0.0,1.0,0.0,0.0,1.0,0.0,0.0,1.0,0.0,1.0,0.0,1.0,0.0,0.0,1.0,0.0,0.0,0.0,1.0,0.0,0.0,1.0,0.0,0.0,1.0,1.0,0.0,1.0,0.0,0.0,1.0,0.0,1.0,0.0,1.0,0
0.2670646076105086,-0.09715347718887411,-0.8174200579327543,-1.5838879848174319,0.5978260439854639,0.581376267714366,-0.7545266691363408,1.5662608362230301,0.5568510405225905,0.0,1.0,0.0,0.0,0.0,1.0,0.0,1.0,1.0,0.0,0.0,1.0,0.0,0.0,1.0,0.0,1.0,0.0,0.0,0.0,0.0,0.0,1.0,0.0,1.0,0.0,1.0,1.0,0.0,0.0,1.0,1.0,0.0,1.0,0.0,1.0,0.0,1
1.5308642003816122,0.7419388863347692,-0.08437695583675477,-0.07802160611103746,0.881006801662789,1.2067139838585008,-0.14252693117675233,-0.5515560484761808,0.5407940710399438,0.0,1.0,0.0,0.0,0.0,1.0,1.0,0.0,1.0,0.0,0.0,1.0,0.0,1.0,0.0,0.0,1.0,0.0,0.0,0.0,1.0,0.0,0.0,0.0,1.0,0.0,1.0,1.0,0.0,1.0,0.0,0.0,1.0,0.0,1.0,1.0,0.0,1
-2.471167843393549,2.140426158874175,-0.17835684072085725,1.2693325222052103,-0.8180777444011614,-0.7865499863509285,0.9233424349343258,-0.3821306977002439,-0.8079913655023788,1.0,0.0,1.0,0.0,0.0,0.0,1.0,0.0,0.0,1.0,0.0,1.0,0.0,0.0,1.0,0.0,1.0,0.0,0.0,0.0,0.0,1.0,0.0,1.0,0.0,1.0,0.0,1.0,0.0,1.0,0.0,0.0,1.0,1.0,0.0,0.0,1.0,0
0.8989644039960604,-0.43279042259833145,-0.7046441960718313,0.9919360840224534,-0.8180777444011614,-0.7865499863509285,-0.8117432126852254,-1.4410391400498492,-0.8079913655023788,1.0,0.0,0.0,0.0,0.0,1.0,1.0,0.0,1.0,0.0,0.0,1.0,0.0,1.0,0.0,0.0,1.0,0.0,0.0,0.0,1.0,0.0,0.0,0.0,1.0,1.0,0.0,1.0,0.0,1.0,0.0,1.0,0.0,1.0,0.0,1.0,0.0,0
0.4776978730723592,-0.3768509316967552,1.0057897088188343,1.308960584802747,-0.8180777444011614,-0.7865499863509285,0.5865615140453215,-1.6104644908257861,-0.8079913655023788,0.0,1.0,0.0,0.0,0.0,1.0,1.0,0.0,0.0,0.0,1.0,1.0,0.0,1.0,0.0,0.0,0.0,0.0,1.0,0.0,0.0,0.0,1.0,0.0,1.0,1.0,0.0,0.0,1.0,0.0,1.0,1.0,0.0,0.0,1.0,0.0,1.0,1
0.5830145058032845,2.140426158874175,0.7802379850969883,0.8334238336323065,-0.6292905726162781,-0.5943889173274706,1.9698981998474683,-1.1445447761919598,-0.6352655468867894,0.0,1.0,1.0,0.0,0.0,0.0,1.0,0.0,0.0,0.0,1.0,1.0,0.0,0.0,1.0,0.0,1.0,0.0,0.0,0.0,0.0,0.0,1.0,1.0,0.0,0.0,1.0,1.0,0.0,0.0,1.0,0.0,1.0,0.0,1.0,0.0,1.0,1
-0.47015182150596846,-0.09715347718887411,0.36672649160693727,1.308960584802747,-0.2517162290465113,-0.3077757974280754,0.23408829218299443,-1.2292574515799282,-0.1840634084623928,0.0,1.0,0.0,1.0,0.0,0.0,1.0,0.0,1.0,0.0,0.0,1.0,0.0,1.0,0.0,0.0,1.0,0.0,0.0,0.0,1.0,0.0,0.0,1.0,0.0,0.0,1.0,1.0,0.0,1.0,0.0,1.0,0.0,0.0,1.0,1.0,0.0,0
-0.680785086967819,-1.104064313417246,-0.7986240809559337,0.1993748320717194,-0.7236841585087198,-0.7100112554687037,-1.182081515655643,0.0414326792395983,-0.6995783516904663,0.0,1.0,0.0,0.0,0.0,1.0,1.0,0.0,1.0,0.0,0.0,1.0,0.0,1.0,0.0,0.0,1.0,0.0,0.0,0.0,1.0,0.0,0.0,0.0,1.0,0.0,1.0,1.0,0.0,1.0,0.0,1.0,0.0,1.0,0.0,1.0,0.0,0
0.2670646076105086,-0.3768509316967552,-0.08437695583675477,-1.5838879848174319,-2.705949462249995,-2.610451658437988,-0.14252693117675233,1.5662608362230301,-2.6277812402023377,0.0,1.0,0.0,0.0,1.0,0.0,1.0,0.0,1.0,0.0,0.0,1.0,0.0,0.0,1.0,0.0,1.0,0.0,0.0,0.0,0.0,0.0,1.0,1.0,0.0,1.0,0.0,1.0,0.0,0.0,1.0,1.0,0.0,0.0,1.0,1.0,0.0,2
0.05643134214865803,-0.2649719498936028,1.6260569490539107,0.6352835206446231,-0.8180777444011614,-0.7865499863509285,1.1648831599160097,-0.7209813992521176,-0.8079913655023788,1.0,0.0,0.0,0.0,0.0,1.0,0.0,1.0,0.0,1.0,0.0,1.0,0.0,0.0,1.0,0.0,1.0,0.0,0.0,0.0,1.0,0.0,0.0,0.0,1.0,1.0,0.0,1.0,0.0,1.0,0.0,1.0,0.0,0.0,1.0,0.0,1.0,1
0.7936477712651351,-0.09715347718887411,-0.08437695583675477,-2.4160772993657025,1.541761902909881,1.6968875582318979,-0.14252693117675233,2.2439622393267777,1.280292097268066,0.0,1.0,0.0,0.0,0.0,1.0,1.0,0.0,1.0,0.0,0.0,1.0,0.0,0.0,1.0,0.0,1.0,0.0,0.0,0.0,1.0,0.0,0.0,0.0,1.0,0.0,1.0,1.0,0.0,1.0,0.0,1.0,0.0,0.0,1.0,1.0,0.0,3
0.1617479748795833,-0.6565483862046363,-0.3851125874658828,-0.4346741694888677,0.7866132157703473,0.7360822131146076,-0.6664083636707591,0.38028338079147206,0.7669540533288585,0.0,1.0,0.0,0.0,0.0,1.0,1.0,0.0,0.0,0.0,1.0,0.0,1.0,0.0,0.0,1.0,1.0,0.0,0.0,0.0,0.0,0.0,1.0,0.0,1.0,0.0,1.0,1.0,0.0,0.0,1.0,1.0,0.0,1.0,0.0,0.0,1.0,1
-0.25951855604411783,0.4622414318268881,0.9681977548651932,-0.6328144824765513,3.14645286308139,2.701661961515573,1.0959577456408764,0.76149042003733,3.388229992629292,0.0,1.0,0.0,0.0,0.0,1.0,1.0,0.0,1.0,0.0,0.0,0.0,1.0,0.0,1.0,0.0,0.0,0.0,0.0,1.0,0.0,0.0,1.0,0.0,1.0,0.0,1.0,0.0,1.0,0.0,1.0,0.0,1.0,0.0,1.0,1.0,0.0,3
0.5830145058032845,1.5810312498584125,0.49829833044468075,-0.5139302946839411,-0.8180777444011614,-0.7865499863509285,1.3325493603155891,0.2955707054035036,-0.8079913655023788,0.0,1.0,1.0,0.0,0.0,0.0,1.0,0.0,0.0,0.0,1.0,1.0,0.0,1.0,0.0,0.0,1.0,0.0,0.0,0.0,1.0,0.0,0.0,1.0,0.0,1.0,0.0,1.0,0.0,1.0,0.0,0.0,1.0,0.0,1.0,0.0,1.0,1
0.5830145058032845,-0.3768509316967552,-0.08437695583675477,-0.7516986702691613,0.03146452863081379,0.0781748242546327,-0.14252693117675233,0.549708731567409,-0.0307251817322267,0.0,1.0,0.0,0.0,0.0,1.0,1.0,0.0,1.0,0.0,0.0,0.0,1.0,1.0,0.0,0.0,1.0,0.0,0.0,0.0,1.0,0.0,0.0,0.0,1.0,0.0,1.0,1.0,0.0,1.0,0.0,1.0,0.0,0.0,1.0,1.0,0.0,1
-1.1020516178915203,-0.9362458407125174,1.0621776397492957,1.7052412107781139,0.3146452863081388,0.053747569717752436,0.2660764441670755,-1.398682802355865,0.6139839784492171,0.0,1.0,0.0,0.0,0.0,1.0,1.0,0.0,1.0,0.0,0.0,1.0,0.0,0.0,1.0,0.0,1.0,0.0,0.0,0.0,1.0,0.0,0.0,0.0,1.0,0.0,1.0,1.0,0.0,1.0,0.0,1.0,0.0,0.0,1.0,1.0,0.0,0
1.109597669457911,0.7419388863347692,-0.6482562651413698,-0.23653385650118425,1.0697939734476725,1.2979090674628537,-0.22943813656746312,-0.212705346924307,0.7843247748600854,0.0,1.0,0.0,0.0,0.0,1.0,1.0,0.0,0.0,0.0,1.0,1.0,0.0,0.0,1.0,0.0,0.0,0.0,1.0,0.0,0.0,1.0,0.0,0.0,1.0,0.0,1.0,0.0,1.0,1.0,0.0,0.0,1.0,1.0,0.0,0.0,1.0,4
-1.6286347815461466,-1.2159432952203986,-0.08437695583675477,0.4767712702544763,0.12585811452325546,-0.16772620474996194,-0.14252693117675233,0.12614535462756674,0.5329064369081173,0.0,1.0,0.0,0.0,0.0,1.0,1.0,0.0,1.0,0.0,0.0,0.0,1.0,0.0,1.0,0.0,1.0,0.0,0.0,0.0,1.0,0.0,0.0,0.0,1.0,0.0,1.0,1.0,0.0,1.0,0.0,1.0,0.0,0.0,1.0,1.0,0.0,1
0.1617479748795833,1.0216363408426503,-1.6256470679360358,0.4767712702544763,-0.8180777444011614,-0.7865499863509285,-1.0430235870305058,-0.593912386170165,-0.8079913655023788,0.0,1.0,0.0,0.0,0.0,1.0,1.0,0.0,0.0,1.0,0.0,1.0,0.0,0.0,1.0,0.0,1.0,0.0,0.0,0.0,1.0,0.0,0.0,0.0,1.0,1.0,0.0,1.0,0.0,1.0,0.0,0.0,1.0,1.0,0.0,0.0,1.0,0
1.5308642003816122,-0.09715347718887411,-1.2309315514228052,0.08049064427910932,-0.2517162290465113,-0.3142897319712435,-0.14252693117675233,-0.04327999614837013,-0.2716322445381803,0.0,1.0,1.0,0.0,0.0,0.0,0.0,1.0,0.0,1.0,0.0,1.0,0.0,0.0,1.0,0.0,1.0,0.0,0.0,0.0,1.0,0.0,0.0,1.0,0.0,0.0,1.0,1.0,0.0,1.0,0.0,1.0,0.0,1.0,0.0,0.0,1.0,0
0.4776978730723592,0.4622414318268881,-0.6670522421181903,1.0711922092175268,-0.8180777444011614,-0.7865499863509285,-0.3742901455519811,-1.356326464661881,-0.8079913655023788,0.0,1.0,0.0,0.0,1.0,0.0,0.0,1.0,0.0,0.0,1.0,1.0,0.0,1.0,0.0,0.0,1.0,0.0,0.0,0.0,1.0,0.0,0.0,1.0,0.0,1.0,0.0,1.0,0.0,1.0,0.0,0.0,1.0,1.0,0.0,0.0,1.0,0
1.4255475676506868,1.1335153226458028,-0.6482562651413698,0.4767712702544763,-0.06292905726162788,0.08631724243359279,-0.05030448545660922,-1.1021884384979757,-0.1995840044086611,0.0,1.0,0.0,0.0,1.0,0.0,1.0,0.0,0.0,0.0,1.0,1.0,0.0,0.0,1.0,0.0,1.0,0.0,0.0,0.0,0.0,0.0,1.0,1.0,0.0,0.0,1.0,1.0,0.0,0.0,1.0,0.0,1.0,1.0,0.0,0.0,1.0,1
-1.1020516178915203,0.014725504614278323,1.7764247648684748,-0.07802160611103746,2.0137298323720896,1.3141939038207737,1.4933350902884042,0.5073523938734247,2.746946994376611,1.0,0.0,0.0,0.0,0.0,1.0,0.0,1.0,0.0,0.0,1.0,0.0,1.0,0.0,1.0,0.0,1.0,0.0,0.0,0.0,0.0,0.0,1.0,0.0,1.0,0.0,1.0,1.0,0.0,0.0,1.0,1.0,0.0,0.0,1.0,0.0,1.0,2
0.7936477712651351,0.4622414318268881,0.9681977548651932,-0.7120706076716246,-0.8180777444011614,-0.7865499863509285,1.0959577456408764,0.42263971848545623,-0.8079913655023788,1.0,0.0,0.0,1.0,0.0,0.0,0.0,1.0,1.0,0.0,0.0,0.0,1.0,0.0,1.0,0.0,1.0,0.0,0.0,0.0,0.0,0.0,1.0,1.0,0.0,0.0,1.0,1.0,0.0,0.0,1.0,0.0,1.0,0.0,1.0,1.0,0.0,0
0.6883311385342098,1.46915226805526,1.0997695937029368,0.91267995882738,-0.8180777444011614,-0.7865499863509285,1.8769514940824026,-1.2716137892739123,-0.8079913655023788,1.0,0.0,0.0,0.0,0.0,1.0,1.0,0.0,0.0,0.0,1.0,1.0,0.0,1.0,0.0,0.0,1.0,0.0,0.0,0.0,1.0,0.0,0.0,0.0,1.0,1.0,0.0,1.0,0.0,1.0,0.0,0.0,1.0,0.0,1.0,0.0,1.0,1
0.2670646076105086,-0.09715347718887411,-0.5166844263036263,1.03156414661999,-0.8180777444011614,-0.7865499863509285,-0.5034498535631763,-1.2292574515799282,-0.8079913655023788,1.0,0.0,0.0,0.0,1.0,0.0,1.0,0.0,0.0,1.0,0.0,1.0,0.0,0.0,1.0,0.0,1.0,0.0,0.0,0.0,0.0,0.0,1.0,1.0,0.0,1.0,0.0,1.0,0.0,0.0,1.0,1.0,0.0,1.0,0.0,0.0,1.0,0
1.0042810367269857,-1.327822277023551,0.4231144225373987,1.2297044596076736,0.881006801662789,1.0601504566372193,-0.4331966292056851,-1.7375335039077389,0.6478405342575885,1.0,0.0,0.0,0.0,0.0,1.0,1.0,0.0,1.0,0.0,0.0,0.0,1.0,0.0,1.0,0.0,0.0,0.0,1.0,0.0,1.0,0.0,0.0,0.0,1.0,0.0,1.0,0.0,1.0,1.0,0.0,1.0,0.0,0.0,1.0,1.0,0.0,1
-1.6286347815461466,-1.2159432952203986,0.7990339620738087,-1.3064915466346751,0.5978260439854639,0.14168568605052134,-0.10269262870600988,2.0321805508568564,1.2033553381133655,0.0,1.0,0.0,0.0,0.0,1.0,1.0,0.0,1.0,0.0,0.0,0.0,1.0,0.0,0.0,1.0,1.0,0.0,0.0,0.0,1.0,0.0,0.0,0.0,1.0,0.0,1.0,1.0,0.0,1.0,0.0,1.0,0.0,0.0,1.0,1.0,0.0,1
-0.47015182150596846,1.0216363408426503,-0.46029649537316475,-0.6328144824765513,1.0697939734476725,0.8093639767252484,0.07957948259950857,0.8462030954252985,1.2717684912975744,0.0,1.0,0.0,0.0,0.0,1.0,1.0,0.0,1.0,0.0,0.0,1.0,0.0,0.0,1.0,0.0,1.0,0.0,0.0,0.0,1.0,0.0,0.0,0.0,1.0,0.0,1.0,1.0,0.0,1.0,0.0,0.0,1.0,1.0,0.0,1.0,0.0,1
1.5308642003816122,0.12660448641743077,0.14117476788509123,0.516399332852013,-0.8180777444011614,-0.7865499863509285,0.16842204811001293,-1.186901113885944,-0.8079913655023788,0.0,1.0,0.0,0.0,1.0,0.0,0.0,1.0,1.0,0.0,0.0,0.0,1.0,0.0,1.0,0.0,1.0,0.0,0.0,0.0,1.0,0.0,0.0,1.0,0.0,0.0,1.0,1.0,0.0,1.0,0.0,1.0,0.0,0.0,1.0,1.0,0.0,0
0.8989644039960604,-0.09715347718887411,-0.08437695583675477,0.08049064427910932,-0.2517162290465113,-0.3142897319712435,-0.14252693117675233,-0.04327999614837013,-0.2716322445381803,0.0,1.0,0.0,0.0,1.0,0.0,0.0,1.0,0.0,1.0,0.0,1.0,0.0,0.0,1.0,0.0,1.0,0.0,0.0,0.0,1.0,0.0,0.0,1.0,0.0,0.0,1.0,1.0,0.0,1.0,0.0,1.0,0.0,0.0,1.0,0.0,1.0,2
-0.25951855604411783,-1.2159432952203986,-1.0617677586314207,-0.7120706076716246,-0.8180777444011614,-0.7865499863509285,-1.4172246102405106,0.8462030954252985,-0.8079913655023788,1.0,0.0,0.0,0.0,1.0,0.0,1.0,0.0,1.0,0.0,0.0,1.0,0.0,0.0,1.0,0.0,1.0,0.0,0.0,0.0,1.0,0.0,0.0,1.0,0.0,1.0,0.0,1.0,0.0,1.0,0.0,1.0,0.0,1.0,0.0,1.0,0.0,0
0.05643134214865803,-0.6565483862046363,-0.5542763802572672,-0.038393543513500765,-0.8180777444011614,-0.7865499863509285,-0.7967751717568252,-0.0009236584543859159,-0.8079913655023788,0.0,1.0,0.0,0.0,1.0,0.0,1.0,0.0,1.0,0.0,0.0,1.0,0.0,0.0,1.0,0.0,1.0,0.0,0.0,0.0,1.0,0.0,0.0,1.0,0.0,1.0,0.0,1.0,0.0,1.0,0.0,1.0,0.0,1.0,0.0,1.0,0.0,0
0.2670646076105086,-0.09715347718887411,-0.08437695583675477,0.08049064427910932,-0.2517162290465113,-0.3142897319712435,-0.14252693117675233,-0.04327999614837013,-0.2716322445381803,0.0,1.0,0.0,0.0,0.0,1.0,1.0,0.0,0.0,0.0,1.0,1.0,0.0,0.0,1.0,0.0,1.0,0.0,0.0,0.0,1.0,0.0,0.0,0.0,1.0,0.0,1.0,1.0,0.0,1.0,0.0,1.0,0.0,0.0,1.0,0.0,1.0,1
0.8989644039960604,-0.6565483862046363,0.6486661462592448,-1.3857476718297486,0.5034324580930222,0.6269738095165425,0.13027768574408988,1.1003411215892038,0.34258545850146627,0.0,1.0,0.0,1.0,0.0,0.0,1.0,0.0,0.0,0.0,1.0,1.0,0.0,0.0,1.0,0.0,0.0,1.0,0.0,0.0,0.0,0.0,1.0,1.0,0.0,0.0,1.0,0.0,1.0,0.0,1.0,1.0,0.0,0.0,1.0,0.0,1.0,3
-0.04888529058226727,0.7419388863347692,5.103312689765703,-0.31578998169625766,-0.8180777444011614,-0.7865499863509285,5.126464895635089,0.33792704309748783,-0.8079913655023788,0.0,1.0,0.0,0.0,1.0,0.0,1.0,0.0,1.0,0.0,0.0,1.0,0.0,0.0,1.0,0.0,1.0,0.0,0.0,0.0,1.0,0.0,0.0,1.0,0.0,1.0,0.0,1.0,0.0,1.0,0.0,0.0,1.0,0.0,1.0,1.0,0.0,1
-0.3648351887750431,-0.09715347718887411,-0.5354804032804468,0.08049064427910932,-0.2517162290465113,-0.3142897319712435,-0.14252693117675233,-0.04327999614837013,-0.2716322445381803,0.0,1.0,0.0,0.0,0.0,1.0,1.0,0.0,1.0,0.0,0.0,1.0,0.0,0.0,1.0,0.0,1.0,0.0,0.0,0.0,1.0,0.0,0.0,0.0,1.0,0.0,1.0,1.0,0.0,1.0,0.0,1.0,0.0,1.0,0.0,1.0,0.0,1
1.3202309349197616,1.5810312498584125,-0.34752063351224177,0.0012345190840359305,1.3529747311249973,1.6854881727813535,0.46343730640848124,-0.5515560484761808,0.9676823910230357,0.0,1.0,0.0,0.0,0.0,1.0,1.0,0.0,0.0,0.0,1.0,1.0,0.0,1.0,0.0,0.0,1.0,0.0,0.0,0.0,0.0,1.0,0.0,0.0,1.0,0.0,1.0,1.0,0.0,1.0,0.0,0.0,1.0,1.0,0.0,0.0,1.0,0
-0.25951855604411783,-0.6565483862046363,-0.08437695583675477,-0.4346741694888677,0.5978260439854639,0.4592399950299647,-0.14252693117675233,0.549708731567409,0.6906591195446464,1.0,0.0,0.0,0.0,0.0,1.0,1.0,0.0,1.0,0.0,0.0,0.0,1.0,1.0,0.0,0.0,1.0,0.0,0.0,0.0,1.0,0.0,0.0,0.0,1.0,0.0,1.0,1.0,0.0,1.0,0.0,1.0,0.0,0.0,1.0,1.0,0.0,2
0.5830145058032845,2.3641841224804794,0.04719488300098874,0.1993748320717194,-0.8180777444011614,-0.7865499863509285,1.2898180176651564,-0.4668433730882123,-0.8079913655023788,1.0,0.0,0.0,0.0,0.0,1.0,1.0,0.0,1.0,0.0,0.0,0.0,1.0,0.0,1.0,0.0,1.0,0.0,0.0,0.0,1.0,0.0,0.0,0.0,1.0,0.0,1.0,1.0,0.0,1.0,0.0,0.0,1.0,0.0,1.0,1.0,0.0,1
0.4776978730723592,-0.8803063498109412,-0.08437695583675477,-0.5535583572814778,0.12585811452325546,0.15797052240844153,-0.14252693117675233,0.38028338079147206,0.0705278843527739,0.0,1.0,0.0,0.0,0.0,1.0,1.0,0.0,1.0,0.0,0.0,1.0,0.0,1.0,0.0,0.0,1.0,0.0,0.0,0.0,1.0,0.0,0.0,0.0,1.0,0.0,1.0,1.0,0.0,1.0,0.0,1.0,0.0,0.0,1.0,1.0,0.0,2
-0.680785086967819,1.5810312498584125,0.8366259160274497,0.7937957710347698,2.0137298323720896,1.509611940115816,1.6801941818784323,-0.593912386170165,2.444399048854995,0.0,1.0,0.0,0.0,0.0,1.0,1.0,0.0,0.0,1.0,0.0,0.0,1.0,0.0,1.0,0.0,1.0,0.0,0.0,0.0,1.0,0.0,0.0,0.0,1.0,0.0,1.0,1.0,0.0,1.0,0.0,0.0,1.0,0.0,1.0,0.0,1.0,1
1.109597669457911,-0.09715347718887411,1.0621776397492957,-0.6328144824765513,1.0697939734476725,1.2979090674628537,0.8147034281959373,0.21085803001553516,0.7843247748600854,1.0,0.0,0.0,0.0,0.0,1.0,1.0,0.0,1.0,0.0,0.0,1.0,0.0,0.0,1.0,0.0,0.0,0.0,1.0,0.0,1.0,0.0,0.0,0.0,1.0,0.0,1.0,0.0,1.0,1.0,0.0,1.0,0.0,0.0,1.0,1.0,0.0,0
-0.9967349851605949,-0.09715347718887411,-0.5166844263036263,1.9826376489608708,-0.8180777444011614,-0.7865499863509285,-0.5034498535631763,-1.7375335039077389,-0.8079913655023788,0.0,1.0,0.0,1.0,0.0,0.0,1.0,0.0,0.0,0.0,1.0,1.0,0.0,1.0,0.0,0.0,1.0,0.0,0.0,0.0,1.0,0.0,0.0,1.0,0.0,1.0,0.0,1.0,0.0,1.0,0.0,1.0,0.0,1.0,0.0,0.0,1.0,0
-0.5754684542368937,0.35036245002373567,-0.6106643111877288,-1.187607358842065,0.5978260439854639,0.38595823141932395,-0.37525582561187787,1.4815481608350616,0.7843247748600854,1.0,0.0,0.0,0.0,0.0,1.0,1.0,0.0,1.0,0.0,0.0,0.0,1.0,0.0,1.0,0.0,1.0,0.0,0.0,0.0,1.0,0.0,0.0,0.0,1.0,0.0,1.0,1.0,0.0,1.0,0.0,1.0,0.0,1.0,0.0,1.0,0.0,1
-0.15420192331319255,0.4622414318268881,-0.08437695583675477,0.08049064427910932,-0.8180777444011614,-0.7865499863509285,-0.14252693117675233,-0.04327999614837013,-0.8079913655023788,1.0,0.0,0.0,1.0,0.0,0.0,1.0,0.0,1.0,0.0,0.0,1.0,0.0,0.0,1.0,0.0,1.0,0.0,0.0,0.0,1.0,0.0,0.0,1.0,0.0,1.0,0.0,1.0,0.0,1.0,0.0,0.0,1.0,0.0,1.0,1.0,0.0,0
0.8989644039960604,1.0216363408426503,-0.04678500188311376,0.6352835206446231,0.5034324580930222,0.6269738095165425,0.47792250730693303,-1.0598321008039913,0.34258545850146627,1.0,0.0,0.0,0.0,0.0,1.0,1.0,0.0,1.0,0.0,0.0,0.0,1.0,0.0,1.0,0.0,1.0,0.0,0.0,0.0,1.0,0.0,0.0,0.0,1.0,0.0,1.0,1.0,0.0,1.0,0.0,0.0,1.0,0.0,1.0,1.0,0.0,1
0.05643134214865803,-1.2159432952203986,-0.7610321270022927,-1.187607358842065,-0.8180777444011614,-0.7865499863509285,-1.2047749970632176,1.2274101346711563,-0.8079913655023788,0.0,1.0,0.0,0.0,0.0,1.0,1.0,0.0,0.0,0.0,1.0,0.0,1.0,0.0,1.0,0.0,0.0,1.0,0.0,0.0,1.0,0.0,0.0,0.0,1.0,0.0,1.0,0.0,1.0,1.0,0.0,1.0,0.0,1.0,0.0,0.0,1.0,3
-0.5754684542368937,-1.6634592224330083,-0.08437695583675477,-1.1083512336469916,0.12585811452325546,-0.004877841170760207,-0.14252693117675233,1.3968354854470932,0.2535527280725973,0.0,1.0,0.0,0.0,1.0,0.0,1.0,0.0,0.0,1.0,0.0,0.0,1.0,0.0,0.0,1.0,1.0,0.0,0.0,0.0,1.0,0.0,0.0,1.0,0.0,0.0,1.0,1.0,0.0,1.0,0.0,1.0,0.0,0.0,1.0,0.0,1.0,1
0.6883311385342098,1.0216363408426503,0.21635867579237325,0.7541677084372331,1.6361554888023226,1.7538844854846185,0.7314135230298395,-1.1021884384979757,1.4000203491335717,1.0,0.0,0.0,0.0,0.0,1.0,1.0,0.0,0.0,0.0,1.0,1.0,0.0,0.0,1.0,0.0,0.0,0.0,1.0,0.0,0.0,0.0,1.0,0.0,1.0,0.0,1.0,0.0,1.0,0.0,1.0,0.0,1.0,0.0,1.0,0.0,1.0,3
-1.1020516178915203,-0.6565483862046363,0.04719488300098874,1.5071008977904303,-0.8180777444011614,-0.7865499863509285,-0.3332487430063677,-1.186901113885944,-0.8079913655023788,1.0,0.0,0.0,1.0,0.0,0.0,1.0,0.0,0.0,1.0,0.0,1.0,0.0,0.0,1.0,0.0,1.0,0.0,0.0,0.0,1.0,0.0,0.0,1.0,0.0,1.0,0.0,1.0,0.0,1.0,0.0,1.0,0.0,0.0,1.0,0.0,1.0,0
-2.155217945200773,-1.7753382042361607,-0.009193047929472762,0.4767712702544763,0.12585811452325546,-0.2491503865395628,-0.9705975825382468,0.33792704309748783,0.7360727706066775,1.0,0.0,0.0,0.0,0.0,1.0,1.0,0.0,1.0,0.0,0.0,0.0,1.0,0.0,1.0,0.0,1.0,0.0,0.0,0.0,1.0,0.0,0.0,0.0,1.0,0.0,1.0,1.0,0.0,1.0,0.0,1.0,0.0,0.0,1.0,1.0,0.0,1
0.1617479748795833,2.2523051406773273,0.25395062974601423,-2.5745895497558493,1.0697939734476725,1.0047820130202905,1.4580877681021713,2.66752561626662,1.0448855978284886,0.0,1.0,0.0,0.0,0.0,1.0,1.0,0.0,1.0,0.0,0.0,1.0,0.0,0.0,1.0,0.0,1.0,0.0,0.0,0.0,1.0,0.0,0.0,0.0,1.0,0.0,1.0,1.0,0.0,1.0,0.0,0.0,1.0,0.0,1.0,1.0,0.0,3
1.4255475676506868,0.5741204136300405,0.44191039951421923,-0.5139302946839411,1.541761902909881,1.9411601036007005,0.6879579203344841,-0.04327999614837013,1.0932816379154888,0.0,1.0,1.0,0.0,0.0,0.0,0.0,1.0,1.0,0.0,0.0,1.0,0.0,1.0,0.0,0.0,1.0,0.0,0.0,0.0,1.0,0.0,0.0,1.0,0.0,0.0,1.0,1.0,0.0,1.0,0.0,0.0,1.0,0.0,1.0,1.0,0.0,3
0.05643134214865803,3.3710949587088517,0.6862581002128858,2.2600340871436275,-0.8180777444011614,-0.7865499863509285,2.618835200098109,-2.4575912447054704,-0.8079913655023788,0.0,1.0,0.0,1.0,0.0,0.0,1.0,0.0,0.0,0.0,1.0,1.0,0.0,1.0,0.0,0.0,0.0,1.0,0.0,0.0,0.0,0.0,1.0,1.0,0.0,1.0,0.0,0.0,1.0,0.0,1.0,0.0,1.0,0.0,1.0,0.0,1.0,1
-1.2073682506224455,-1.4956407497282795,-0.08437695583675477,-0.395046106891331,-2.2339815327877868,-1.8124946768998995,-0.14252693117675233,0.8885594331192826,-2.6277812402023377,0.0,1.0,0.0,0.0,0.0,1.0,1.0,0.0,1.0,0.0,0.0,0.0,1.0,0.0,0.0,1.0,1.0,0.0,0.0,0.0,1.0,0.0,0.0,0.0,1.0,0.0,1.0,1.0,0.0,1.0,0.0,1.0,0.0,0.0,1.0,1.0,0.0,1
1.6361808331125374,-0.09715347718887411,-0.08437695583675477,-0.35541804429379437,0.12585811452325546,0.3371037223455634,-0.14252693117675233,-0.29741802231227543,-0.06952590910239534,0.0,1.0,0.0,0.0,0.0,1.0,0.0,1.0,0.0,1.0,0.0,1.0,0.0,0.0,1.0,0.0,1.0,0.0,0.0,0.0,0.0,1.0,0.0,0.0,1.0,0.0,1.0,1.0,0.0,1.0,0.0,1.0,0.0,0.0,1.0,0.0,1.0,2
0.8989644039960604,-0.9362458407125174,-0.08437695583675477,-2.6142176123533862,-1.2900456738633699,-1.2913799134464539,-0.14252693117675233,2.4133875901027144,-1.2189116597894663,0.0,1.0,0.0,0.0,0.0,1.0,1.0,0.0,1.0,0.0,0.0,0.0,1.0,0.0,1.0,0.0,1.0,0.0,0.0,0.0,1.0,0.0,0.0,0.0,1.0,0.0,1.0,1.0,0.0,1.0,0.0,1.0,0.0,0.0,1.0,1.0,0.0,1
0.8989644039960604,-0.9362458407125174,-0.08437695583675477,-0.395046106891331,1.541761902909881,1.7375996491266983,-0.14252693117675233,0.0414326792395983,1.246610105933059,0.0,1.0,0.0,0.0,0.0,1.0,1.0,0.0,1.0,0.0,0.0,0.0,1.0,0.0,0.0,1.0,1.0,0.0,0.0,0.0,1.0,0.0,0.0,0.0,1.0,0.0,1.0,1.0,0.0,1.0,0.0,1.0,0.0,0.0,1.0,1.0,0.0,2
-0.8914183524296696,-0.6565483862046363,-0.4039085644427033,0.08049064427910932,-0.8180777444011614,-0.7865499863509285,-0.6808935645692108,0.2532143677095194,-0.8079913655023788,0.0,1.0,0.0,0.0,0.0,1.0,1.0,0.0,1.0,0.0,0.0,1.0,0.0,0.0,1.0,0.0,1.0,0.0,0.0,0.0,1.0,0.0,0.0,0.0,1.0,1.0,0.0,1.0,0.0,1.0,0.0,1.0,0.0,1.0,0.0,1.0,0.0,0
0.37238124034143394,1.2453943044489553,-0.27233672560495975,1.03156414661999,-0.8180777444011614,-0.7865499863509285,0.3726633807781833,-1.2716137892739123,-0.8079913655023788,0.0,1.0,0.0,1.0,0.0,0.0,1.0,0.0,0.0,0.0,1.0,1.0,0.0,1.0,0.0,0.0,0.0,1.0,0.0,0.0,1.0,0.0,0.0,1.0,0.0,1.0,0.0,0.0,1.0,1.0,0.0,0.0,1.0,1.0,0.0,0.0,1.0,1
-1.418001516084296,1.1335153226458028,-0.44150051839634424,1.7052412107781139,-0.8180777444011614,-0.7865499863509285,0.15152264706181917,-1.2716137892739123,-0.8079913655023788,0.0,1.0,0.0,0.0,0.0,1.0,1.0,0.0,1.0,0.0,0.0,1.0,0.0,1.0,0.0,0.0,1.0,0.0,0.0,0.0,0.0,0.0,1.0,0.0,1.0,1.0,0.0,1.0,0.0,0.0,1.0,0.0,1.0,1.0,0.0,1.0,0.0,1
-1.3126848833533709,-0.3768509316967552,-1.1745436204923438,1.6656131481805772,-0.8180777444011614,-0.7865499863509285,-1.1637335945176042,-1.2716137892739123,-0.8079913655023788,1.0,0.0,0.0,1.0,0.0,0.0,1.0,0.0,1.0,0.0,0.0,1.0,0.0,0.0,1.0,0.0,1.0,0.0,0.0,0.0,1.0,0.0,0.0,1.0,0.0,1.0,0.0,1.0,0.0,1.0,0.0,1.0,0.0,1.0,0.0,1.0,0.0,0
0.1617479748795833,-0.09715347718887411,-0.08437695583675477,0.6749115832421598,0.5978260439854639,0.5569490131774858,-0.14252693117675233,-0.805694074640086,0.5816663569957717,0.0,1.0,0.0,0.0,1.0,0.0,1.0,0.0,1.0,0.0,0.0,1.0,0.0,0.0,1.0,0.0,1.0,0.0,0.0,0.0,1.0,0.0,0.0,1.0,0.0,0.0,1.0,1.0,0.0,1.0,0.0,1.0,0.0,0.0,1.0,1.0,0.0,3
0.7936477712651351,-0.6565483862046363,0.6674621232360652,-0.11764966870857416,2.9576656912965062,3.1869500849815937,0.14476288664254167,-0.212705346924307,2.5332621749303335,0.0,1.0,0.0,0.0,0.0,1.0,1.0,0.0,0.0,1.0,0.0,0.0,1.0,0.0,0.0,1.0,1.0,0.0,0.0,0.0,0.0,1.0,0.0,0.0,1.0,0.0,1.0,1.0,0.0,1.0,0.0,1.0,0.0,0.0,1.0,0.0,1.0,3
1.4255475676506868,-0.3768509316967552,0.14117476788509123,0.9919360840224534,-0.6292905726162781,-0.5683331791547982,-0.10752102900549382,-1.6528208285197703,-0.6558895252289494,0.0,1.0,0.0,0.0,0.0,1.0,0.0,1.0,1.0,0.0,0.0,1.0,0.0,0.0,1.0,0.0,0.0,0.0,1.0,0.0,0.0,0.0,1.0,0.0,1.0,0.0,1.0,0.0,1.0,0.0,1.0,1.0,0.0,0.0,1.0,1.0,0.0,3
0.37238124034143394,-0.09715347718887411,-2.1707304002638304,-0.9102109206593081,0.3146452863081388,0.3273328205308112,-1.8843723392155811,0.8038467577313142,0.26472687642601817,0.0,1.0,0.0,0.0,0.0,1.0,1.0,0.0,1.0,0.0,0.0,0.0,1.0,0.0,1.0,0.0,0.0,1.0,0.0,0.0,0.0,0.0,1.0,0.0,1.0,0.0,1.0,0.0,1.0,0.0,1.0,1.0,0.0,1.0,0.0,1.0,0.0,3
0.1617479748795833,-0.09715347718887411,2.772611544639961,0.4767712702544763,-0.8180777444011614,-0.7865499863509285,2.2427028167683103,-0.593912386170165,-0.8079913655023788,1.0,0.0,0.0,1.0,0.0,0.0,1.0,0.0,0.0,0.0,1.0,1.0,0.0,0.0,1.0,0.0,1.0,0.0,0.0,0.0,1.0,0.0,0.0,1.0,0.0,1.0,0.0,1.0,0.0,1.0,0.0,1.0,0.0,0.0,1.0,0.0,1.0,0
0.2670646076105086,-0.09715347718887411,0.6674621232360652,0.08049064427910932,-0.2517162290465113,-0.3142897319712435,-0.14252693117675233,-0.04327999614837013,-0.2716322445381803,0.0,1.0,0.0,0.0,0.0,1.0,0.0,1.0,1.0,0.0,0.0,1.0,0.0,0.0,1.0,0.0,1.0,0.0,0.0,0.0,1.0,0.0,0.0,0.0,1.0,0.0,1.0,1.0,0.0,1.0,0.0,1.0,0.0,0.0,1.0,1.0,0.0,1
1.4255475676506868,1.5810312498584125,0.7426460311433473,-1.187607358842065,0.5978260439854639,0.8500760676200488,1.5836261758887535,0.6767777446493616,0.3327724365483418,0.0,1.0,0.0,0.0,0.0,1.0,1.0,0.0,0.0,0.0,1.0,0.0,1.0,0.0,1.0,0.0,0.0,0.0,0.0,1.0,1.0,0.0,0.0,0.0,1.0,0.0,1.0,0.0,1.0,1.0,0.0,0.0,1.0,0.0,1.0,0.0,1.0,2
0.6883311385342098,0.014725504614278323,-0.5354804032804468,0.08049064427910932,0.5978260439854639,0.6790852858618871,-0.46651259127212424,-0.3821306977002439,0.4658615467875927,0.0,1.0,0.0,0.0,0.0,1.0,1.0,0.0,0.0,1.0,0.0,0.0,1.0,0.0,0.0,1.0,1.0,0.0,0.0,0.0,1.0,0.0,0.0,0.0,1.0,0.0,1.0,1.0,0.0,1.0,0.0,1.0,0.0,1.0,0.0,0.0,1.0,2
-0.25951855604411783,0.18254397731900698,-1.6256470679360358,0.4767712702544763,1.0697939734476725,0.8745033221569292,-1.3327276049995418,-0.4244870353942281,1.190209281226988,0.0,1.0,0.0,0.0,1.0,0.0,1.0,0.0,1.0,0.0,0.0,1.0,0.0,0.0,1.0,0.0,1.0,0.0,0.0,0.0,1.0,0.0,0.0,1.0,0.0,0.0,1.0,1.0,0.0,1.0,0.0,1.0,0.0,1.0,0.0,1.0,0.0,1
0.2670646076105086,-0.6565483862046363,-1.0053798277009593,0.9523080214249167,0.9754003875552307,0.9461566021317778,-1.1444199933196684,-1.1445447761919598,0.9208090154625823,0.0,1.0,1.0,0.0,0.0,0.0,1.0,0.0,0.0,0.0,1.0,1.0,0.0,0.0,1.0,0.0,1.0,0.0,0.0,0.0,0.0,0.0,1.0,1.0,0.0,0.0,1.0,1.0,0.0,0.0,1.0,1.0,0.0,1.0,0.0,0.0,1.0,0
0.6883311385342098,-0.09715347718887411,-1.1369516665387027,0.08049064427910932,-0.346109814938953,-0.29800489561332333,-1.0212957856828282,-0.3821306977002439,-0.3833737280723883,0.0,1.0,0.0,0.0,0.0,1.0,0.0,1.0,0.0,0.0,1.0,0.0,1.0,0.0,1.0,0.0,1.0,0.0,0.0,0.0,1.0,0.0,0.0,0.0,1.0,0.0,1.0,1.0,0.0,1.0,0.0,1.0,0.0,1.0,0.0,0.0,1.0,1
1.0042810367269857,0.4622414318268881,-0.08437695583675477,0.4371432076569396,1.0697939734476725,1.2653393947470133,-0.14252693117675233,-0.8904067500280545,0.8095996342309182,0.0,1.0,0.0,0.0,0.0,1.0,1.0,0.0,0.0,0.0,1.0,1.0,0.0,1.0,0.0,0.0,1.0,0.0,0.0,0.0,1.0,0.0,0.0,0.0,1.0,0.0,1.0,1.0,0.0,1.0,0.0,0.0,1.0,0.0,1.0,0.0,1.0,2
0.7936477712651351,-0.6565483862046363,0.25395062974601423,0.08049064427910932,2.5800913477267398,2.789600077848341,-0.17391153312339788,-0.4244870353942281,2.199136820887062,0.0,1.0,0.0,0.0,0.0,1.0,1.0,0.0,1.0,0.0,0.0,0.0,1.0,0.0,1.0,0.0,0.0,1.0,0.0,0.0,0.0,0.0,1.0,0.0,1.0,0.0,1.0,0.0,1.0,0.0,1.0,1.0,0.0,0.0,1.0,1.0,0.0,2
-1.5233181488152214,-0.7684273680077888,-0.5166844263036263,0.08049064427910932,0.3146452863081388,-0.024419644800264463,-0.8206757532392707,0.5073523938734247,0.7598276034698936,0.0,1.0,0.0,0.0,0.0,1.0,1.0,0.0,1.0,0.0,0.0,1.0,0.0,0.0,1.0,0.0,1.0,0.0,0.0,0.0,0.0,0.0,1.0,0.0,1.0,0.0,1.0,1.0,0.0,0.0,1.0,1.0,0.0,1.0,0.0,1.0,0.0,3
0.05643134214865803,-0.6565483862046363,-0.47909247234998525,0.0012345190840359305,0.12585811452325546,0.09283117697676083,-0.7388343681630181,-0.04327999614837013,0.13560338434204444,1.0,0.0,0.0,1.0,0.0,0.0,1.0,0.0,1.0,0.0,0.0,1.0,0.0,1.0,0.0,0.0,1.0,0.0,0.0,0.0,1.0,0.0,0.0,1.0,0.0,0.0,1.0,1.0,0.0,1.0,0.0,1.0,0.0,1.0,0.0,1.0,0.0,0
-0.15420192331319255,0.35036245002373567,-0.44150051839634424,1.2297044596076736,-0.8180777444011614,-0.7865499863509285,-0.22533399631290177,-1.2716137892739123,-0.8079913655023788,0.0,1.0,0.0,0.0,1.0,0.0,1.0,0.0,1.0,0.0,0.0,1.0,0.0,1.0,0.0,0.0,1.0,0.0,0.0,0.0,1.0,0.0,0.0,1.0,0.0,1.0,0.0,1.0,0.0,1.0,0.0,1.0,0.0,1.0,0.0,1.0,0.0,0
0.7936477712651351,1.5810312498584125,-0.08437695583675477,0.2786309572667928,0.12585811452325546,0.20682503148220205,-0.14252693117675233,-0.6362687238641491,0.027322019605799237,0.0,1.0,0.0,0.0,0.0,1.0,0.0,1.0,0.0,1.0,0.0,1.0,0.0,0.0,1.0,0.0,1.0,0.0,0.0,0.0,0.0,0.0,1.0,0.0,1.0,0.0,1.0,1.0,0.0,0.0,1.0,0.0,1.0,0.0,1.0,0.0,1.0,2
-2.155217945200773,-0.6565483862046363,0.9681977548651932,1.8637534611682607,-0.8180777444011614,-0.7865499863509285,0.37652610101777045,-1.1445447761919598,-0.8079913655023788,0.0,1.0,0.0,0.0,1.0,0.0,1.0,0.0,1.0,0.0,0.0,1.0,0.0,0.0,1.0,0.0,1.0,0.0,0.0,0.0,1.0,0.0,0.0,1.0,0.0,1.0,0.0,1.0,0.0,1.0,0.0,1.0,0.0,0.0,1.0,1.0,0.0,0
0.8989644039960604,1.5810312498584125,-1.5504631600287537,0.2786309572667928,5.034324580930224,5.473341109633586,-0.7726331702594056,-0.6786250615581334,4.287420283657506,1.0,0.0,0.0,0.0,0.0,1.0,1.0,0.0,0.0,0.0,1.0,1.0,0.0,0.0,0.0,1.0,0.0,0.0,0.0,1.0,0.0,0.0,1.0,0.0,1.0,0.0,1.0,0.0,1.0,0.0,1.0,0.0,1.0,1.0,0.0,0.0,1.0,3
-1.3126848833533709,-1.2159432952203986,0.7990339620738087,1.2693325222052103,-0.8180777444011614,-0.7865499863509285,-0.10269262870600988,-0.8480504123340703,-0.8079913655023788,0.0,1.0,0.0,0.0,0.0,1.0,1.0,0.0,1.0,0.0,0.0,1.0,0.0,0.0,1.0,0.0,1.0,0.0,0.0,0.0,0.0,1.0,0.0,0.0,1.0,1.0,0.0,1.0,0.0,1.0,0.0,1.0,0.0,0.0,1.0,1.0,0.0,1
0.7936477712651351,-0.09715347718887411,-0.08437695583675477,-2.0594247359878723,0.5978260439854639,0.7035125403987673,-0.14252693117675233,1.8627552000809195,0.44497871215988816,0.0,1.0,0.0,0.0,0.0,1.0,0.0,1.0,0.0,1.0,0.0,1.0,0.0,0.0,1.0,0.0,1.0,0.0,0.0,0.0,0.0,0.0,1.0,0.0,1.0,0.0,1.0,1.0,0.0,0.0,1.0,1.0,0.0,0.0,1.0,0.0,1.0,3
0.8989644039960604,1.1335153226458028,-1.7572189067737793,-1.6235160474149686,0.6922196298779058,0.8289057803547527,-1.132831832600907,1.354479147753109,0.5069535762163013,0.0,1.0,0.0,0.0,0.0,1.0,1.0,0.0,0.0,1.0,0.0,0.0,1.0,1.0,0.0,0.0,1.0,0.0,0.0,0.0,0.0,0.0,1.0,0.0,1.0,0.0,1.0,1.0,0.0,0.0,1.0,0.0,1.0,1.0,0.0,0.0,1.0,2
-0.680785086967819,0.4622414318268881,0.19756269881555275,-0.11764966870857416,0.12585811452325546,-0.021162677528680382,0.40308230266493206,0.38028338079147206,0.2761387726167458,1.0,0.0,0.0,1.0,0.0,0.0,1.0,0.0,1.0,0.0,0.0,1.0,0.0,1.0,0.0,0.0,1.0,0.0,0.0,0.0,1.0,0.0,0.0,1.0,0.0,0.0,1.0,1.0,0.0,1.0,0.0,0.0,1.0,0.0,1.0,1.0,0.0,0
0.05643134214865803,-0.09715347718887411,-0.08437695583675477,-1.1083512336469916,2.0137298323720896,1.8515935036321396,-0.14252693117675233,1.142697459283188,2.0227928840308906,0.0,1.0,0.0,0.0,0.0,1.0,1.0,0.0,1.0,0.0,0.0,0.0,1.0,0.0,1.0,0.0,1.0,0.0,0.0,0.0,0.0,0.0,1.0,0.0,1.0,0.0,1.0,1.0,0.0,0.0,1.0,1.0,0.0,0.0,1.0,1.0,0.0,3
0.7936477712651351,-0.6565483862046363,-0.08437695583675477,-2.2971931115730926,-0.8180777444011614,-0.7865499863509285,-0.14252693117675233,2.116893226244825,-0.8079913655023788,0.0,1.0,0.0,0.0,1.0,0.0,1.0,0.0,1.0,0.0,0.0,0.0,1.0,0.0,1.0,0.0,1.0,0.0,0.0,0.0,1.0,0.0,0.0,1.0,0.0,0.0,1.0,1.0,0.0,1.0,0.0,1.0,0.0,0.0,1.0,1.0,0.0,3
-0.15420192331319255,-1.104064313417246,-0.30992867955860076,0.8730518962298432,-0.8180777444011614,-0.7865499863509285,-0.8305739738532127,-0.8904067500280545,-0.8079913655023788,0.0,1.0,0.0,0.0,0.0,1.0,1.0,0.0,1.0,0.0,0.0,1.0,0.0,1.0,0.0,0.0,0.0,1.0,0.0,0.0,1.0,0.0,0.0,0.0,1.0,1.0,0.0,0.0,1.0,1.0,0.0,1.0,0.0,1.0,0.0,1.0,0.0,1
-0.04888529058226727,1.5810312498584125,-0.08437695583675477,-0.6328144824765513,-0.8180777444011614,-0.7865499863509285,-0.14252693117675233,0.6767777446493616,-0.8079913655023788,0.0,1.0,0.0,0.0,1.0,0.0,1.0,0.0,0.0,0.0,1.0,0.0,1.0,0.0,1.0,0.0,1.0,0.0,0.0,0.0,0.0,0.0,1.0,1.0,0.0,0.0,1.0,1.0,0.0,0.0,1.0,0.0,1.0,0.0,1.0,0.0,1.0,1
-0.680785086967819,1.0216363408426503,-0.3851125874658828,-1.5838879848174319,0.5978260439854639,0.3615309768824437,0.15200548709176756,1.947467875468888,0.818203841676308,0.0,1.0,0.0,0.0,0.0,1.0,1.0,0.0,1.0,0.0,0.0,0.0,1.0,0.0,1.0,0.0,1.0,0.0,0.0,0.0,0.0,0.0,1.0,0.0,1.0,0.0,1.0,1.0,0.0,0.0,1.0,0.0,1.0,1.0,0.0,1.0,0.0,1
1.0042810367269857,1.5810312498584125,-0.30992867955860076,-1.3064915466346751,0.12585811452325546,0.2393947041980424,0.5020645088043527,0.9732721085072511,0.0008041343642696886,0.0,1.0,0.0,0.0,0.0,1.0,0.0,1.0,1.0,0.0,0.0,0.0,1.0,0.0,1.0,0.0,1.0,0.0,0.0,0.0,1.0,0.0,0.0,0.0,1.0,0.0,1.0,1.0,0.0,1.0,0.0,0.0,1.0,1.0,0.0,1.0,0.0,3
-2.049901312469848,-0.09715347718887411,-1.6068510909592153,2.061893774155944,-0.8180777444011614,-0.7865499863509285,-1.4136033100158976,-1.398682802355865,-0.8079913655023788,1.0,0.0,0.0,1.0,0.0,0.0,1.0,0.0,1.0,0.0,0.0,1.0,0.0,0.0,1.0,0.0,1.0,0.0,0.0,0.0,1.0,0.0,0.0,1.0,0.0,1.0,0.0,1.0,0.0,1.0,0.0,1.0,0.0,1.0,0.0,1.0,0.0,0
-0.8914183524296696,0.4622414318268881,-0.4227045414195238,-0.6328144824765513,-0.8180777444011614,-0.7865499863509285,-0.15459793192546217,1.0156284462012353,-0.8079913655023788,0.0,1.0,0.0,1.0,0.0,0.0,0.0,1.0,1.0,0.0,0.0,1.0,0.0,0.0,1.0,0.0,1.0,0.0,0.0,0.0,1.0,0.0,0.0,1.0,0.0,1.0,0.0,1.0,0.0,1.0,0.0,0.0,1.0,1.0,0.0,1.0,0.0,0
-0.3648351887750431,-0.9362458407125174,-0.08437695583675477,-0.7120706076716246,-0.346109814938953,-0.3794290774029242,-0.14252693117675233,0.8885594331192826,-0.2984502005863902,0.0,1.0,0.0,0.0,0.0,1.0,1.0,0.0,1.0,0.0,0.0,0.0,1.0,0.0,1.0,0.0,1.0,0.0,0.0,0.0,0.0,1.0,0.0,0.0,1.0,0.0,1.0,1.0,0.0,1.0,0.0,1.0,0.0,0.0,1.0,1.0,0.0,3
-0.15420192331319255,1.5810312498584125,1.5884649951002698,-1.7424002352075787,1.541761902909881,1.330478740178694,2.4527382297958615,1.905111537774904,1.6417257735167972,0.0,1.0,0.0,0.0,0.0,1.0,1.0,0.0,1.0,0.0,0.0,0.0,1.0,0.0,1.0,0.0,1.0,0.0,0.0,0.0,1.0,0.0,0.0,0.0,1.0,0.0,1.0,1.0,0.0,1.0,0.0,0.0,1.0,0.0,1.0,1.0,0.0,1
-0.04888529058226727,-0.320911440795179,-0.08437695583675477,-1.2668634840371384,-0.8180777444011614,-0.7865499863509285,-0.14252693117675233,1.354479147753109,-0.8079913655023788,0.0,1.0,0.0,0.0,0.0,1.0,1.0,0.0,1.0,0.0,0.0,1.0,0.0,0.0,1.0,0.0,1.0,0.0,0.0,0.0,1.0,0.0,0.0,0.0,1.0,1.0,0.0,1.0,0.0,1.0,0.0,1.0,0.0,0.0,1.0,1.0,0.0,1
0.6883311385342098,-0.3768509316967552,0.21635867579237325,0.12011870687664603,1.824942660587206,1.9493025217796605,-0.04716602526194466,-0.4244870353942281,1.5698674041055676,0.0,1.0,0.0,0.0,0.0,1.0,1.0,0.0,0.0,0.0,1.0,0.0,1.0,0.0,1.0,0.0,0.0,1.0,0.0,0.0,0.0,0.0,1.0,0.0,1.0,0.0,1.0,0.0,1.0,0.0,1.0,1.0,0.0,0.0,1.0,0.0,1.0,1
0.05643134214865803,-1.2159432952203986,-0.14076488676721627,-0.47430223208640443,1.824942660587206,1.6757172709666015,-0.7665976698850506,0.46499605617944045,1.8340739340620063,0.0,1.0,0.0,0.0,0.0,1.0,1.0,0.0,1.0,0.0,0.0,0.0,1.0,0.0,1.0,0.0,0.0,1.0,0.0,0.0,0.0,0.0,1.0,0.0,1.0,0.0,1.0,0.0,1.0,0.0,1.0,1.0,0.0,1.0,0.0,1.0,0.0,3
1.9521307313053133,-0.6565483862046363,-0.6106643111877288,-1.425375734427285,0.12585811452325546,0.38595823141932395,-0.8402307744521806,0.7191340823433457,-0.10029530311906137,0.0,1.0,0.0,0.0,1.0,0.0,1.0,0.0,1.0,0.0,0.0,0.0,1.0,0.0,1.0,0.0,1.0,0.0,0.0,0.0,1.0,0.0,0.0,1.0,0.0,0.0,1.0,1.0,0.0,1.0,0.0,1.0,0.0,1.0,0.0,1.0,0.0,3
-1.733951414277072,-0.09715347718887411,-0.6670522421181903,0.1597467694741827,-0.8180777444011614,-0.7865499863509285,-0.6289882613497586,0.5073523938734247,-0.8079913655023788,1.0,0.0,0.0,0.0,1.0,0.0,1.0,0.0,1.0,0.0,0.0,1.0,0.0,0.0,1.0,0.0,1.0,0.0,0.0,0.0,1.0,0.0,0.0,1.0,0.0,1.0,0.0,1.0,0.0,1.0,0.0,1.0,0.0,1.0,0.0,1.0,0.0,0
-1.2073682506224455,-0.6565483862046363,-0.9489918967704978,0.4767712702544763,-0.8180777444011614,-0.7865499863509285,-1.100964390624313,-0.04327999614837013,-0.8079913655023788,0.0,1.0,0.0,1.0,0.0,0.0,1.0,0.0,1.0,0.0,0.0,1.0,0.0,0.0,1.0,0.0,1.0,0.0,0.0,0.0,1.0,0.0,0.0,1.0,0.0,1.0,0.0,1.0,0.0,1.0,0.0,1.0,0.0,1.0,0.0,1.0,0.0,0
-1.6286347815461466,-1.7753382042361607,-0.08437695583675477,1.6259850855830404,-1.85640718921802,-1.467256146111992,-0.14252693117675233,-1.1021884384979757,-2.2829789481539247,0.0,1.0,0.0,0.0,1.0,0.0,1.0,0.0,1.0,0.0,0.0,1.0,0.0,1.0,0.0,0.0,1.0,0.0,0.0,0.0,1.0,0.0,0.0,1.0,0.0,1.0,0.0,1.0,0.0,1.0,0.0,1.0,0.0,0.0,1.0,1.0,0.0,0
0.4776978730723592,0.18254397731900698,-0.46029649537316475,-1.5046318596223585,-0.8180777444011614,-0.7865499863509285,-0.32238484233252884,1.3968354854470932,-0.8079913655023788,0.0,1.0,0.0,0.0,0.0,1.0,1.0,0.0,1.0,0.0,0.0,1.0,0.0,0.0,1.0,0.0,1.0,0.0,0.0,0.0,1.0,0.0,0.0,0.0,1.0,1.0,0.0,1.0,0.0,1.0,0.0,1.0,0.0,1.0,0.0,1.0,0.0,0
-0.5754684542368937,-0.5446694044014839,0.5358902843983218,0.4767712702544763,1.0697939734476725,0.7767943040094081,0.10975698447128315,-0.29741802231227543,1.3150968216475734,0.0,1.0,0.0,0.0,0.0,1.0,0.0,1.0,0.0,1.0,0.0,0.0,1.0,0.0,0.0,1.0,1.0,0.0,0.0,0.0,1.0,0.0,0.0,0.0,1.0,0.0,1.0,1.0,0.0,1.0,0.0,1.0,0.0,0.0,1.0,0.0,1.0,1
0.37238124034143394,0.4622414318268881,-1.0241758046777798,0.3975151450594029,-0.44050340083139466,-0.41525571739034856,-0.6953787654676626,-0.593912386170165,-0.45041861819291307,0.0,1.0,0.0,0.0,0.0,1.0,1.0,0.0,1.0,0.0,0.0,1.0,0.0,0.0,1.0,0.0,1.0,0.0,0.0,0.0,0.0,1.0,0.0,0.0,1.0,0.0,1.0,1.0,0.0,1.0,0.0,0.0,1.0,1.0,0.0,1.0,0.0,0
-1.6286347815461466,0.4622414318268881,0.9494017778883728,0.4767712702544763,-0.8180777444011614,-0.7865499863509285,1.0790583445926827,0.12614535462756674,-0.8079913655023788,0.0,1.0,0.0,1.0,0.0,0.0,1.0,0.0,1.0,0.0,0.0,1.0,0.0,0.0,1.0,0.0,1.0,0.0,0.0,0.0,1.0,0.0,0.0,1.0,0.0,1.0,0.0,1.0,0.0,1.0,0.0,0.0,1.0,0.0,1.0,1.0,0.0,0
1.5308642003816122,1.0216363408426503,-0.9677878737473182,-0.23653385650118425,-0.8180777444011614,-0.7865499863509285,-0.40929604772323963,-0.3821306977002439,-0.8079913655023788,0.0,1.0,0.0,0.0,1.0,0.0,0.0,1.0,1.0,0.0,0.0,1.0,0.0,0.0,1.0,0.0,1.0,0.0,0.0,0.0,0.0,1.0,0.0,1.0,0.0,1.0,0.0,1.0,0.0,1.0,0.0,0.0,1.0,1.0,0.0,1.0,0.0,1
0.37238124034143394,-0.09715347718887411,-0.7422361500254723,-1.6631441100125053,0.12585811452325546,0.14168568605052134,-0.6917574652430497,1.6086171739170143,0.08594050277128532,0.0,1.0,0.0,0.0,0.0,1.0,1.0,0.0,0.0,1.0,0.0,0.0,1.0,0.0,1.0,0.0,1.0,0.0,0.0,0.0,1.0,0.0,0.0,0.0,1.0,0.0,1.0,1.0,0.0,1.0,0.0,1.0,0.0,1.0,0.0,0.0,1.0,0
1.2149143021888362,1.3013337953505313,0.4231144225373987,0.3975151450594029,-0.06292905726162788,0.06026150426092049,1.092939995453699,-0.9327630877220386,-0.18086377791346978,1.0,0.0,0.0,0.0,1.0,0.0,1.0,0.0,1.0,0.0,0.0,1.0,0.0,1.0,0.0,0.0,1.0,0.0,0.0,0.0,1.0,0.0,0.0,1.0,0.0,0.0,1.0,1.0,0.0,1.0,0.0,0.0,1.0,0.0,1.0,1.0,0.0,0
-0.7861017196987443,0.4622414318268881,0.47950235346786024,1.4674728351928936,1.0697939734476725,0.7116549585777274,0.6565733183878385,-1.2716137892739123,1.4074050036975714,0.0,1.0,1.0,0.0,0.0,0.0,0.0,1.0,1.0,0.0,0.0,1.0,0.0,0.0,1.0,0.0,1.0,0.0,0.0,0.0,1.0,0.0,0.0,1.0,0.0,0.0,1.0,1.0,0.0,1.0,0.0,0.0,1.0,0.0,1.0,1.0,0.0,1
-0.47015182150596846,1.5810312498584125,-1.2497275283996259,0.7145396458396964,0.12585811452325546,0.011406995187159966,-0.46361555109243385,-0.593912386170165,0.2318885628975978,1.0,0.0,0.0,0.0,1.0,0.0,1.0,0.0,1.0,0.0,0.0,1.0,0.0,0.0,1.0,0.0,1.0,0.0,0.0,0.0,1.0,0.0,0.0,1.0,0.0,0.0,1.0,1.0,0.0,1.0,0.0,0.0,1.0,1.0,0.0,1.0,0.0,1
-2.2605345779316983,-2.0550356587440417,-0.08437695583675477,-0.4346741694888677,-0.15732264315406966,-0.4217696519335167,-0.14252693117675233,1.354479147753109,0.30662993275134615,0.0,1.0,1.0,0.0,0.0,0.0,1.0,0.0,1.0,0.0,0.0,1.0,0.0,1.0,0.0,0.0,1.0,0.0,0.0,0.0,1.0,0.0,0.0,1.0,0.0,0.0,1.0,1.0,0.0,1.0,0.0,1.0,0.0,0.0,1.0,1.0,0.0,1
-0.25951855604411783,1.5810312498584125,1.0621776397492957,0.4767712702544763,0.12585811452325546,0.04397666790300031,1.9119573962536611,-0.4244870353942281,0.19110895786230467,1.0,0.0,0.0,0.0,0.0,1.0,1.0,0.0,1.0,0.0,0.0,0.0,1.0,0.0,1.0,0.0,1.0,0.0,0.0,0.0,1.0,0.0,0.0,0.0,1.0,0.0,1.0,1.0,0.0,1.0,0.0,0.0,1.0,0.0,1.0,1.0,0.0,1
-1.1020516178915203,-0.5446694044014839,-0.08437695583675477,-0.7120706076716246,-0.346109814938953,-0.4364260046556448,-0.14252693117675233,1.1850537969771722,-0.21550163885588045,0.0,1.0,0.0,0.0,0.0,1.0,1.0,0.0,1.0,0.0,0.0,1.0,0.0,1.0,0.0,0.0,1.0,0.0,0.0,0.0,1.0,0.0,0.0,0.0,1.0,0.0,1.0,1.0,0.0,1.0,0.0,1.0,0.0,0.0,1.0,1.0,0.0,1
-1.3126848833533709,-1.104064313417246,0.06599085997780924,0.1597467694741827,-0.8180777444011614,-0.7865499863509285,-0.5601835570821125,0.33792704309748783,-0.8079913655023788,0.0,1.0,0.0,0.0,0.0,1.0,1.0,0.0,1.0,0.0,0.0,1.0,0.0,0.0,1.0,0.0,1.0,0.0,0.0,0.0,1.0,0.0,0.0,0.0,1.0,1.0,0.0,1.0,0.0,1.0,0.0,1.0,0.0,0.0,1.0,1.0,0.0,0
-1.5233181488152214,0.35036245002373567,-0.49788844932680576,0.5560273954495497,-0.8180777444011614,-0.7865499863509285,-0.2753079394125605,-0.0009236584543859159,-0.8079913655023788,1.0,0.0,0.0,0.0,1.0,0.0,1.0,0.0,1.0,0.0,0.0,1.0,0.0,0.0,1.0,0.0,1.0,0.0,0.0,0.0,1.0,0.0,0.0,1.0,0.0,1.0,0.0,1.0,0.0,1.0,0.0,1.0,0.0,1.0,0.0,1.0,0.0,0
-1.418001516084296,0.4622414318268881,-0.8926039658400363,1.5863570229855037,0.5034324580930222,0.12540084969260118,-0.5770829581303063,-1.1445447761919598,0.975402711703581,0.0,1.0,1.0,0.0,0.0,0.0,1.0,0.0,1.0,0.0,0.0,0.0,1.0,1.0,0.0,0.0,1.0,0.0,0.0,0.0,0.0,0.0,1.0,1.0,0.0,0.0,1.0,1.0,0.0,0.0,1.0,0.0,1.0,1.0,0.0,1.0,0.0,0
1.2149143021888362,-0.09715347718887411,0.10358281393145025,0.08049064427910932,-0.2517162290465113,-0.3142897319712435,-0.14252693117675233,-0.04327999614837013,-0.2716322445381803,0.0,1.0,1.0,0.0,0.0,0.0,1.0,0.0,1.0,0.0,0.0,1.0,0.0,0.0,1.0,0.0,1.0,0.0,0.0,0.0,1.0,0.0,0.0,1.0,0.0,0.0,1.0,1.0,0.0,1.0,0.0,1.0,0.0,0.0,1.0,1.0,0.0,0
-0.5754684542368937,-0.09715347718887411,-0.02798902490629326,0.8730518962298432,-0.8180777444011614,-0.7865499863509285,-0.09545002825678399,-0.7209813992521176,-0.8079913655023788,0.0,1.0,0.0,1.0,0.0,0.0,1.0,0.0,1.0,0.0,0.0,1.0,0.0,0.0,1.0,0.0,1.0,0.0,0.0,0.0,1.0,0.0,0.0,1.0,0.0,1.0,0.0,1.0,0.0,1.0,0.0,1.0,0.0,0.0,1.0,1.0,0.0,0
1.3202309349197616,-1.104064313417246,-0.6482562651413698,-0.23653385650118425,-0.7236841585087198,-0.6790700663886553,-1.073925348947203,-0.29741802231227543,-0.730788158696926,0.0,1.0,0.0,0.0,0.0,1.0,1.0,0.0,0.0,0.0,1.0,0.0,1.0,1.0,0.0,0.0,0.0,1.0,0.0,0.0,1.0,0.0,0.0,0.0,1.0,0.0,1.0,0.0,1.0,1.0,0.0,1.0,0.0,1.0,0.0,0.0,1.0,2
0.7936477712651351,-0.6565483862046363,1.7012408569611928,-1.5838879848174319,-0.8180777444011614,-0.7865499863509285,0.9414489360573906,1.354479147753109,-0.8079913655023788,0.0,1.0,0.0,0.0,1.0,0.0,1.0,0.0,1.0,0.0,0.0,0.0,1.0,0.0,1.0,0.0,1.0,0.0,0.0,0.0,1.0,0.0,0.0,1.0,0.0,0.0,1.0,1.0,0.0,1.0,0.0,1.0,0.0,0.0,1.0,1.0,0.0,3
-0.3648351887750431,1.5810312498584125,-0.08437695583675477,-1.1083512336469916,-0.8180777444011614,-0.7865499863509285,-0.14252693117675233,1.312122810059125,-0.8079913655023788,1.0,0.0,0.0,0.0,0.0,1.0,1.0,0.0,1.0,0.0,0.0,1.0,0.0,0.0,1.0,0.0,1.0,0.0,0.0,0.0,1.0,0.0,0.0,0.0,1.0,1.0,0.0,1.0,0.0,1.0,0.0,0.0,1.0,0.0,1.0,1.0,0.0,1
1.109597669457911,-0.6565483862046363,-0.08437695583675477,-1.2668634840371384,1.0697939734476725,1.2979090674628537,-0.14252693117675233,0.8885594331192826,0.7843247748600854,0.0,1.0,0.0,0.0,0.0,1.0,0.0,1.0,0.0,1.0,0.0,1.0,0.0,0.0,1.0,0.0,1.0,0.0,0.0,0.0,1.0,0.0,0.0,0.0,1.0,0.0,1.0,1.0,0.0,1.0,0.0,1.0,0.0,0.0,1.0,0.0,1.0,1
0.37238124034143394,-1.2159432952203986,-0.08437695583675477,-0.27616191909872095,0.5034324580930222,0.5129799550111013,-0.14252693117675233,0.12614535462756674,0.44351325008075104,0.0,1.0,0.0,0.0,0.0,1.0,1.0,0.0,0.0,1.0,0.0,0.0,1.0,1.0,0.0,0.0,0.0,1.0,0.0,0.0,1.0,0.0,0.0,0.0,1.0,0.0,1.0,0.0,1.0,1.0,0.0,1.0,0.0,0.0,1.0,0.0,1.0,3
-0.9967349851605949,-0.6565483862046363,-0.5354804032804468,-0.9102109206593081,-0.8180777444011614,-0.7865499863509285,-0.7822899708583734,1.354479147753109,-0.8079913655023788,1.0,0.0,0.0,0.0,0.0,1.0,1.0,0.0,0.0,1.0,0.0,1.0,0.0,0.0,1.0,0.0,1.0,0.0,0.0,0.0,1.0,0.0,0.0,0.0,1.0,1.0,0.0,1.0,0.0,1.0,0.0,1.0,0.0,1.0,0.0,0.0,1.0,0
-0.680785086967819,-0.09715347718887411,-0.08437695583675477,0.2786309572667928,1.0697939734476725,0.7442246312935678,-0.14252693117675233,-0.04327999614837013,1.3602689107358703,1.0,0.0,0.0,0.0,1.0,0.0,1.0,0.0,1.0,0.0,0.0,1.0,0.0,0.0,1.0,0.0,1.0,0.0,0.0,0.0,1.0,0.0,0.0,1.0,0.0,0.0,1.0,1.0,0.0,1.0,0.0,1.0,0.0,0.0,1.0,1.0,0.0,0
-0.15420192331319255,1.5810312498584125,-0.009193047929472762,-2.217936986378019,2.9576656912965062,2.6006959760964676,0.8110821279713244,2.4133875901027144,3.1115560569283027,0.0,1.0,0.0,0.0,0.0,1.0,1.0,0.0,0.0,1.0,0.0,0.0,1.0,0.0,1.0,0.0,1.0,0.0,0.0,0.0,1.0,0.0,0.0,0.0,1.0,0.0,1.0,1.0,0.0,1.0,0.0,0.0,1.0,0.0,1.0,0.0,1.0,1
0.6883311385342098,1.0216363408426503,-0.12196890979039576,1.308960584802747,0.03146452863081379,0.09283117697676083,0.40549650281467403,-1.6951771662137547,-0.043679618128395874,1.0,0.0,1.0,0.0,0.0,0.0,1.0,0.0,1.0,0.0,0.0,1.0,0.0,1.0,0.0,0.0,1.0,0.0,0.0,0.0,1.0,0.0,0.0,1.0,0.0,0.0,1.0,1.0,0.0,1.0,0.0,0.0,1.0,0.0,1.0,1.0,0.0,0
0.5830145058032845,-0.43279042259833145,-0.08437695583675477,-0.8309547954642347,0.12585811452325546,0.1742553587663617,-0.14252693117675233,0.6344214069553773,0.05563772757556793,0.0,1.0,0.0,0.0,0.0,1.0,1.0,0.0,1.0,0.0,0.0,0.0,1.0,0.0,1.0,0.0,1.0,0.0,0.0,0.0,1.0,0.0,0.0,0.0,1.0,0.0,1.0,1.0,0.0,1.0,0.0,1.0,0.0,0.0,1.0,1.0,0.0,1
-0.5754684542368937,-0.43279042259833145,0.15997074486191173,1.4674728351928936,-0.8180777444011614,-0.7865499863509285,-0.1232133299788166,-1.356326464661881,-0.8079913655023788,0.0,1.0,0.0,0.0,1.0,0.0,0.0,1.0,1.0,0.0,0.0,1.0,0.0,1.0,0.0,0.0,0.0,0.0,1.0,0.0,1.0,0.0,0.0,1.0,0.0,1.0,0.0,0.0,1.0,1.0,0.0,1.0,0.0,0.0,1.0,1.0,0.0,0
1.0042810367269857,-1.2159432952203986,0.10358281393145025,0.08049064427910932,1.0697939734476725,1.2653393947470133,-0.5939823591785001,-0.5091997107821965,0.8095996342309182,0.0,1.0,0.0,0.0,0.0,1.0,1.0,0.0,0.0,1.0,0.0,0.0,1.0,0.0,1.0,0.0,1.0,0.0,0.0,0.0,1.0,0.0,0.0,0.0,1.0,0.0,1.0,1.0,0.0,1.0,0.0,1.0,0.0,0.0,1.0,0.0,1.0,2
-0.680785086967819,-1.2159432952203986,-0.08437695583675477,-0.7120706076716246,-0.8180777444011614,-0.7865499863509285,-0.14252693117675233,1.0156284462012353,-0.8079913655023788,0.0,1.0,0.0,0.0,1.0,0.0,1.0,0.0,1.0,0.0,0.0,0.0,1.0,0.0,1.0,0.0,1.0,0.0,0.0,0.0,1.0,0.0,0.0,1.0,0.0,0.0,1.0,1.0,0.0,1.0,0.0,1.0,0.0,0.0,1.0,1.0,0.0,1
-1.3126848833533709,-0.09715347718887411,-0.6106643111877288,1.190076397010137,1.0697939734476725,0.5488065949985257,-0.5819113584297902,-0.7633377369461019,1.6775752926243948,0.0,1.0,0.0,0.0,1.0,0.0,1.0,0.0,0.0,0.0,1.0,1.0,0.0,0.0,1.0,0.0,1.0,0.0,0.0,0.0,1.0,0.0,0.0,1.0,0.0,0.0,1.0,1.0,0.0,1.0,0.0,1.0,0.0,1.0,0.0,0.0,1.0,0
-0.25951855604411783,0.4622414318268881,0.9869937318420138,1.3882167099978202,0.6922196298779058,0.5422926604553577,1.1128571466890702,-1.398682802355865,0.7905691518811148,0.0,1.0,0.0,0.0,0.0,1.0,1.0,0.0,1.0,0.0,0.0,0.0,1.0,1.0,0.0,0.0,1.0,0.0,0.0,0.0,0.0,0.0,1.0,0.0,1.0,0.0,1.0,1.0,0.0,0.0,1.0,0.0,1.0,0.0,1.0,1.0,0.0,1
0.7936477712651351,-0.09715347718887411,0.7050540771897063,0.08049064427910932,-0.2517162290465113,-0.3142897319712435,-0.14252693117675233,-0.04327999614837013,-0.2716322445381803,0.0,1.0,0.0,0.0,1.0,0.0,1.0,0.0,1.0,0.0,0.0,1.0,0.0,0.0,1.0,0.0,1.0,0.0,0.0,0.0,1.0,0.0,0.0,1.0,0.0,0.0,1.0,1.0,0.0,1.0,0.0,1.0,0.0,0.0,1.0,1.0,0.0,1
1.6361808331125374,0.18254397731900698,-0.08437695583675477,-0.31578998169625766,-0.8180777444011614,-0.7865499863509285,-0.14252693117675233,-0.33977436000625966,-0.8079913655023788,0.0,1.0,0.0,0.0,0.0,1.0,1.0,0.0,1.0,0.0,0.0,1.0,0.0,0.0,1.0,0.0,1.0,0.0,0.0,0.0,0.0,1.0,0.0,0.0,1.0,1.0,0.0,1.0,0.0,1.0,0.0,1.0,0.0,0.0,1.0,1.0,0.0,1
-0.7861017196987443,0.5741204136300405,-1.3061154593300872,0.8730518962298432,0.5034324580930222,0.2621934750991305,-0.9061384385401363,-0.6362687238641491,0.7427860929375862,1.0,0.0,0.0,0.0,1.0,0.0,1.0,0.0,0.0,0.0,1.0,0.0,1.0,0.0,0.0,1.0,1.0,0.0,0.0,0.0,1.0,0.0,0.0,1.0,0.0,0.0,1.0,1.0,0.0,1.0,0.0,0.0,1.0,1.0,0.0,0.0,1.0,0
-1.1020516178915203,0.014725504614278323,0.009602929047347738,0.1993748320717194,-0.7236841585087198,-0.7165251900118719,-0.004434682611511856,0.21085803001553516,-0.6894934201730791,0.0,1.0,0.0,0.0,0.0,1.0,0.0,1.0,0.0,0.0,1.0,0.0,1.0,0.0,1.0,0.0,1.0,0.0,0.0,0.0,0.0,0.0,1.0,0.0,1.0,0.0,1.0,1.0,0.0,0.0,1.0,1.0,0.0,0.0,1.0,0.0,1.0,1
1.3202309349197616,1.5810312498584125,-0.009193047929472762,-0.7120706076716246,-0.8180777444011614,-0.7865499863509285,0.8110821279713244,0.21085803001553516,-0.8079913655023788,0.0,1.0,0.0,1.0,0.0,0.0,1.0,0.0,1.0,0.0,0.0,0.0,1.0,0.0,1.0,0.0,0.0,0.0,0.0,1.0,0.0,1.0,0.0,1.0,0.0,0.0,1.0,0.0,1.0,1.0,0.0,0.0,1.0,0.0,1.0,1.0,0.0,2
-0.15420192331319255,0.4622414318268881,0.36672649160693727,-0.15727773130611086,1.0697939734476725,0.9070729948727695,0.5551769120986759,0.21085803001553516,1.151782345712962,0.0,1.0,0.0,0.0,0.0,1.0,1.0,0.0,1.0,0.0,0.0,0.0,1.0,0.0,1.0,0.0,1.0,0.0,0.0,0.0,1.0,0.0,0.0,0.0,1.0,0.0,1.0,1.0,0.0,1.0,0.0,0.0,1.0,0.0,1.0,1.0,0.0,1
1.3202309349197616,1.0216363408426503,-0.08437695583675477,-1.187607358842065,1.0697939734476725,1.3630484128945344,-0.14252693117675233,0.7191340823433457,0.7360727706066775,0.0,1.0,0.0,0.0,0.0,1.0,1.0,0.0,1.0,0.0,0.0,0.0,1.0,0.0,1.0,0.0,1.0,0.0,0.0,0.0,0.0,0.0,1.0,0.0,1.0,0.0,1.0,1.0,0.0,0.0,1.0,0.0,1.0,0.0,1.0,1.0,0.0,3
-0.7861017196987443,-1.2159432952203986,-0.12196890979039576,0.08049064427910932,-0.8180777444011614,-0.7865499863509285,-0.7533195690614698,0.21085803001553516,-0.8079913655023788,0.0,1.0,0.0,0.0,0.0,1.0,1.0,0.0,0.0,1.0,0.0,1.0,0.0,0.0,1.0,0.0,1.0,0.0,0.0,0.0,1.0,0.0,0.0,0.0,1.0,1.0,0.0,1.0,0.0,1.0,0.0,1.0,0.0,0.0,1.0,0.0,1.0,0
-2.049901312469848,-1.8872171860393132,-0.49788844932680576,0.4767712702544763,-0.8180777444011614,-0.7865499863509285,-1.3375560052990256,0.2955707054035036,-0.8079913655023788,0.0,1.0,0.0,1.0,0.0,0.0,1.0,0.0,1.0,0.0,0.0,1.0,0.0,0.0,1.0,0.0,1.0,0.0,0.0,0.0,1.0,0.0,0.0,1.0,0.0,1.0,0.0,1.0,0.0,1.0,0.0,1.0,0.0,1.0,0.0,1.0,0.0,0
-0.15420192331319255,-0.09715347718887411,0.9681977548651932,-1.1083512336469916,0.12585811452325546,0.06026150426092049,0.7362419233293235,1.2274101346711563,0.1718954901052916,0.0,1.0,0.0,0.0,0.0,1.0,1.0,0.0,1.0,0.0,0.0,0.0,1.0,0.0,1.0,0.0,1.0,0.0,0.0,0.0,1.0,0.0,0.0,0.0,1.0,0.0,1.0,1.0,0.0,1.0,0.0,1.0,0.0,0.0,1.0,1.0,0.0,1
-1.6286347815461466,-1.4956407497282795,-0.08437695583675477,1.1108202718150635,1.824942660587206,0.9461566021317778,-0.14252693117675233,-0.5515560484761808,2.94652248124701,1.0,0.0,0.0,0.0,0.0,1.0,1.0,0.0,1.0,0.0,0.0,1.0,0.0,1.0,0.0,0.0,1.0,0.0,0.0,0.0,1.0,0.0,0.0,0.0,1.0,0.0,1.0,1.0,0.0,1.0,0.0,1.0,0.0,0.0,1.0,1.0,0.0,2
0.7936477712651351,0.9097573590394978,-0.8174200579327543,0.91267995882738,-0.8180777444011614,-0.7865499863509285,-0.31345230177848354,-1.3139701269678967,-0.8079913655023788,0.0,1.0,0.0,0.0,0.0,1.0,1.0,0.0,1.0,0.0,0.0,1.0,0.0,1.0,0.0,0.0,0.0,1.0,0.0,0.0,0.0,0.0,1.0,0.0,1.0,1.0,0.0,0.0,1.0,0.0,1.0,0.0,1.0,1.0,0.0,1.0,0.0,2
-0.7861017196987443,-0.6565483862046363,0.04719488300098874,0.23900289466925612,-0.06292905726162788,-0.18726800837946608,-0.3332487430063677,0.0414326792395983,0.07816718217760134,0.0,1.0,0.0,0.0,0.0,1.0,1.0,0.0,0.0,0.0,1.0,1.0,0.0,1.0,0.0,0.0,1.0,0.0,0.0,0.0,0.0,0.0,1.0,0.0,1.0,0.0,1.0,1.0,0.0,0.0,1.0,1.0,0.0,0.0,1.0,0.0,1.0,1
-0.9967349851605949,0.18254397731900698,4.59582131139155,-0.11764966870857416,-0.8180777444011614,-0.7865499863509285,4.0611990795614465,0.5073523938734247,-0.8079913655023788,0.0,1.0,0.0,0.0,0.0,1.0,1.0,0.0,1.0,0.0,0.0,1.0,0.0,0.0,1.0,0.0,1.0,0.0,0.0,0.0,1.0,0.0,0.0,0.0,1.0,1.0,0.0,1.0,0.0,1.0,0.0,1.0,0.0,0.0,1.0,1.0,0.0,1
-0.680785086967819,0.4622414318268881,-1.0053798277009593,0.2786309572667928,0.12585811452325546,-0.021162677528680382,-0.6784793644194689,-0.04327999614837013,0.2761387726167458,0.0,1.0,0.0,0.0,1.0,0.0,1.0,0.0,1.0,0.0,0.0,0.0,1.0,0.0,1.0,0.0,1.0,0.0,0.0,0.0,1.0,0.0,0.0,1.0,0.0,0.0,1.0,1.0,0.0,1.0,0.0,0.0,1.0,1.0,0.0,1.0,0.0,1
-0.7861017196987443,-1.7753382042361607,-0.08437695583675477,-0.19690579390364754,-3.2723109776046453,-2.734216414758181,-0.14252693117675233,0.5073523938734247,-3.688006645462314,0.0,1.0,0.0,0.0,0.0,1.0,1.0,0.0,0.0,1.0,0.0,1.0,0.0,0.0,1.0,0.0,1.0,0.0,0.0,0.0,1.0,0.0,0.0,0.0,1.0,1.0,0.0,1.0,0.0,1.0,0.0,1.0,0.0,0.0,1.0,0.0,1.0,1
-1.9445846797389226,1.0216363408426503,0.32913453765329626,1.190076397010137,-0.8180777444011614,-0.7865499863509285,0.840052529768228,-0.5091997107821965,-0.8079913655023788,0.0,1.0,0.0,1.0,0.0,0.0,1.0,0.0,1.0,0.0,0.0,1.0,0.0,0.0,1.0,0.0,1.0,0.0,0.0,0.0,1.0,0.0,0.0,1.0,0.0,1.0,0.0,1.0,0.0,1.0,0.0,0.0,1.0,0.0,1.0,1.0,0.0,0
0.37238124034143394,-2.0550356587440417,-0.08437695583675477,1.7448692733756506,-0.15732264315406966,-0.13678501566991363,-0.14252693117675233,-2.0340278677656283,-0.18223905771081386,0.0,1.0,0.0,0.0,0.0,1.0,1.0,0.0,1.0,0.0,0.0,1.0,0.0,0.0,0.0,1.0,1.0,0.0,0.0,0.0,1.0,0.0,0.0,0.0,1.0,0.0,1.0,1.0,0.0,1.0,0.0,1.0,0.0,0.0,1.0,1.0,0.0,1
-1.3126848833533709,-0.6565483862046363,-0.17835684072085725,0.0012345190840359305,0.12585811452325546,-0.11887169567620141,-0.5070711537877892,0.5073523938734247,0.434791963561008,0.0,1.0,0.0,0.0,0.0,1.0,1.0,0.0,1.0,0.0,0.0,0.0,1.0,0.0,1.0,0.0,1.0,0.0,0.0,0.0,1.0,0.0,0.0,0.0,1.0,0.0,1.0,1.0,0.0,1.0,0.0,1.0,0.0,1.0,0.0,1.0,0.0,1
0.1617479748795833,1.5810312498584125,0.7990339620738087,0.2786309572667928,-0.06292905726162788,-0.0700171866024409,1.641566979482561,-0.3821306977002439,-0.06684058017003178,0.0,1.0,0.0,0.0,0.0,1.0,1.0,0.0,0.0,0.0,1.0,0.0,1.0,0.0,1.0,0.0,0.0,1.0,0.0,0.0,0.0,0.0,1.0,0.0,1.0,0.0,1.0,0.0,1.0,0.0,1.0,0.0,1.0,0.0,1.0,0.0,1.0,4
-1.6286347815461466,-0.9362458407125174,-0.08437695583675477,-0.395046106891331,-0.8180777444011614,-0.7865499863509285,-0.14252693117675233,1.0579847838952194,-0.8079913655023788,0.0,1.0,0.0,0.0,1.0,0.0,1.0,0.0,1.0,0.0,0.0,0.0,1.0,0.0,1.0,0.0,1.0,0.0,0.0,0.0,0.0,0.0,1.0,1.0,0.0,0.0,1.0,1.0,0.0,0.0,1.0,1.0,0.0,0.0,1.0,1.0,0.0,1
0.4776978730723592,-0.9921853316140936,1.3441172944016033,0.08049064427910932,3.3352400348662736,3.3693402521903,0.4359154247014228,-0.29741802231227543,3.0574933338602936,0.0,1.0,0.0,0.0,0.0,1.0,1.0,0.0,0.0,1.0,0.0,1.0,0.0,0.0,0.0,1.0,0.0,0.0,0.0,1.0,0.0,1.0,0.0,0.0,1.0,0.0,1.0,0.0,1.0,1.0,0.0,1.0,0.0,0.0,1.0,0.0,1.0,4
-0.04888529058226727,-0.43279042259833145,0.25395062974601423,-1.0290951084519182,2.0137298323720896,1.802738994558379,-0.04837312533681564,1.1003411215892038,2.0762039076069905,0.0,1.0,0.0,0.0,0.0,1.0,1.0,0.0,0.0,1.0,0.0,0.0,1.0,0.0,1.0,0.0,1.0,0.0,0.0,0.0,1.0,0.0,0.0,0.0,1.0,0.0,1.0,1.0,0.0,1.0,0.0,1.0,0.0,0.0,1.0,0.0,1.0,0
-0.04888529058226727,-0.6565483862046363,-0.009193047929472762,-0.8705828580617714,-0.8180777444011614,-0.7865499863509285,-0.37670434570172306,0.9309157708132668,-0.8079913655023788,0.0,1.0,0.0,0.0,0.0,1.0,1.0,0.0,1.0,0.0,0.0,0.0,1.0,0.0,1.0,0.0,1.0,0.0,0.0,0.0,1.0,0.0,0.0,0.0,1.0,0.0,1.0,1.0,0.0,1.0,0.0,1.0,0.0,0.0,1.0,1.0,0.0,1
1.109597669457911,0.685999395433193,-0.08437695583675477,-0.6328144824765513,0.12585811452325546,0.25567954055596254,-0.14252693117675233,0.21085803001553516,-0.01183329532114665,0.0,1.0,0.0,0.0,0.0,1.0,1.0,0.0,0.0,1.0,0.0,0.0,1.0,0.0,1.0,0.0,1.0,0.0,0.0,0.0,1.0,0.0,0.0,0.0,1.0,0.0,1.0,1.0,0.0,1.0,0.0,0.0,1.0,0.0,1.0,0.0,1.0,3
-1.1020516178915203,0.4622414318268881,0.7802379850969883,-0.11764966870857416,1.0697939734476725,0.6139459404302063,0.9269637351589388,0.549708731567409,1.5619675410836145,0.0,1.0,0.0,0.0,0.0,1.0,1.0,0.0,1.0,0.0,0.0,0.0,1.0,0.0,1.0,0.0,1.0,0.0,0.0,0.0,1.0,0.0,0.0,0.0,1.0,0.0,1.0,1.0,0.0,1.0,0.0,0.0,1.0,0.0,1.0,1.0,0.0,1
1.0042810367269857,1.0216363408426503,-0.44150051839634424,-0.9102109206593081,-0.8180777444011614,-0.7865499863509285,0.09768598372257332,0.549708731567409,-0.8079913655023788,0.0,1.0,0.0,0.0,0.0,1.0,1.0,0.0,1.0,0.0,0.0,1.0,0.0,0.0,1.0,0.0,1.0,0.0,0.0,0.0,1.0,0.0,0.0,0.0,1.0,1.0,0.0,1.0,0.0,1.0,0.0,0.0,1.0,1.0,0.0,1.0,0.0,1
-0.15420192331319255,-0.20903245899202655,0.15997074486191173,0.91267995882738,-0.8180777444011614,-0.7865499863509285,-8.912234197631623e-05,-0.9327630877220386,-0.8079913655023788,0.0,1.0,0.0,0.0,0.0,1.0,1.0,0.0,1.0,0.0,0.0,0.0,1.0,1.0,0.0,0.0,0.0,1.0,0.0,0.0,0.0,0.0,1.0,0.0,1.0,0.0,1.0,0.0,1.0,0.0,1.0,1.0,0.0,0.0,1.0,1.0,0.0,1
1.846814098574388,-1.2159432952203986,0.34793051463011676,-0.31578998169625766,-0.8180777444011614,-0.7865499863509285,-0.42136704847194945,-0.4244870353942281,-0.8079913655023788,1.0,0.0,0.0,0.0,1.0,0.0,0.0,1.0,0.0,0.0,1.0,1.0,0.0,1.0,0.0,0.0,0.0,1.0,0.0,0.0,1.0,0.0,0.0,1.0,0.0,1.0,0.0,0.0,1.0,1.0,0.0,1.0,0.0,0.0,1.0,0.0,1.0,0
1.0042810367269857,1.0216363408426503,-0.08437695583675477,-2.0594247359878723,1.0697939734476725,1.2653393947470133,-0.14252693117675233,1.7780425246929512,0.8095996342309182,0.0,1.0,0.0,0.0,0.0,1.0,1.0,0.0,1.0,0.0,0.0,0.0,1.0,0.0,1.0,0.0,1.0,0.0,0.0,0.0,1.0,0.0,0.0,0.0,1.0,0.0,1.0,1.0,0.0,1.0,0.0,0.0,1.0,0.0,1.0,1.0,0.0,3
0.8989644039960604,-1.2159432952203986,-0.08437695583675477,-0.7120706076716246,-0.346109814938953,-0.28172005925540317,-0.14252693117675233,0.38028338079147206,-0.3970710712152912,0.0,1.0,0.0,0.0,0.0,1.0,1.0,0.0,1.0,0.0,0.0,0.0,1.0,0.0,1.0,0.0,1.0,0.0,0.0,0.0,1.0,0.0,0.0,0.0,1.0,0.0,1.0,1.0,0.0,1.0,0.0,1.0,0.0,0.0,1.0,1.0,0.0,1
-0.5754684542368937,-0.5446694044014839,-0.46029649537316475,1.9033815237657974,-0.8180777444011614,-0.7865499863509285,-0.6707539239402945,-1.8222461792957072,-0.8079913655023788,0.0,1.0,0.0,0.0,0.0,1.0,1.0,0.0,0.0,0.0,1.0,1.0,0.0,1.0,0.0,0.0,1.0,0.0,0.0,0.0,1.0,0.0,0.0,0.0,1.0,1.0,0.0,1.0,0.0,1.0,0.0,1.0,0.0,1.0,0.0,0.0,1.0,0
1.0042810367269857,-0.43279042259833145,-0.9301959197936773,-0.07802160611103746,-0.8180777444011614,-0.7865499863509285,-0.9913597038260277,-0.33977436000625966,-0.8079913655023788,1.0,0.0,0.0,0.0,0.0,1.0,1.0,0.0,1.0,0.0,0.0,0.0,1.0,0.0,1.0,0.0,1.0,0.0,0.0,0.0,1.0,0.0,0.0,0.0,1.0,0.0,1.0,1.0,0.0,1.0,0.0,1.0,0.0,1.0,0.0,1.0,0.0,1
0.37238124034143394,0.4622414318268881,0.34793051463011676,0.2786309572667928,0.12585811452325546,0.14168568605052134,0.5382775110504822,-0.4668433730882123,0.08594050277128532,0.0,1.0,0.0,1.0,0.0,0.0,1.0,0.0,0.0,1.0,0.0,0.0,1.0,0.0,1.0,0.0,1.0,0.0,0.0,0.0,1.0,0.0,0.0,1.0,0.0,0.0,1.0,1.0,0.0,1.0,0.0,0.0,1.0,0.0,1.0,0.0,1.0,1
-0.3648351887750431,0.4622414318268881,-0.5730723572340878,1.2693325222052103,-0.8180777444011614,-0.7865499863509285,-0.2897931403110123,-1.2292574515799282,-0.8079913655023788,0.0,1.0,0.0,1.0,0.0,0.0,1.0,0.0,1.0,0.0,0.0,1.0,0.0,0.0,1.0,0.0,1.0,0.0,0.0,0.0,1.0,0.0,0.0,1.0,0.0,1.0,0.0,1.0,0.0,1.0,0.0,0.0,1.0,1.0,0.0,1.0,0.0,0
-0.8914183524296696,-0.09715347718887411,-0.19715281769767776,0.08049064427910932,-0.2517162290465113,-0.3142897319712435,-0.14252693117675233,-0.04327999614837013,-0.2716322445381803,0.0,1.0,0.0,0.0,1.0,0.0,1.0,0.0,1.0,0.0,0.0,1.0,0.0,0.0,1.0,0.0,1.0,0.0,0.0,0.0,1.0,0.0,0.0,1.0,0.0,0.0,1.0,1.0,0.0,1.0,0.0,1.0,0.0,1.0,0.0,1.0,0.0,0
0.37238124034143394,1.0216363408426503,-1.4752792521214717,1.427844772595357,0.6922196298779058,0.6986270894913913,-0.8981715780459878,-1.6951771662137547,0.6222996237354839,0.0,1.0,0.0,0.0,1.0,0.0,1.0,0.0,1.0,0.0,0.0,1.0,0.0,1.0,0.0,0.0,1.0,0.0,0.0,0.0,1.0,0.0,0.0,1.0,0.0,0.0,1.0,1.0,0.0,1.0,0.0,0.0,1.0,1.0,0.0,1.0,0.0,0
1.6361808331125374,0.4622414318268881,-0.14076488676721627,0.516399332852013,0.881006801662789,1.236026689302757,0.0988930837974443,-1.2292574515799282,0.5212464560175915,1.0,0.0,1.0,0.0,0.0,0.0,1.0,0.0,1.0,0.0,0.0,1.0,0.0,1.0,0.0,0.0,0.0,0.0,1.0,0.0,1.0,0.0,0.0,1.0,0.0,0.0,1.0,0.0,1.0,1.0,0.0,0.0,1.0,1.0,0.0,1.0,0.0,0
-1.1020516178915203,-1.7753382042361607,-0.08437695583675477,-0.6328144824765513,0.5978260439854639,0.26382195873492265,-0.14252693117675233,1.1003411215892038,0.9694778144371162,0.0,1.0,0.0,0.0,0.0,1.0,1.0,0.0,1.0,0.0,0.0,1.0,0.0,0.0,0.0,1.0,1.0,0.0,0.0,0.0,1.0,0.0,0.0,0.0,1.0,0.0,1.0,1.0,0.0,1.0,0.0,1.0,0.0,0.0,1.0,1.0,0.0,3
0.2670646076105086,-0.6565483862046363,-0.08437695583675477,-1.6235160474149686,-0.8180777444011614,-0.7865499863509285,-0.14252693117675233,1.6086171739170143,-0.8079913655023788,0.0,1.0,0.0,0.0,1.0,0.0,1.0,0.0,1.0,0.0,0.0,1.0,0.0,0.0,1.0,0.0,1.0,0.0,0.0,0.0,0.0,0.0,1.0,1.0,0.0,1.0,0.0,1.0,0.0,0.0,1.0,1.0,0.0,0.0,1.0,1.0,0.0,0
-1.1020516178915203,-1.7753382042361607,-0.44150051839634424,0.1597467694741827,-0.8180777444011614,-0.7865499863509285,-1.248230599758573,0.2532143677095194,-0.8079913655023788,1.0,0.0,1.0,0.0,0.0,0.0,1.0,0.0,1.0,0.0,0.0,1.0,0.0,0.0,1.0,0.0,1.0,0.0,0.0,0.0,1.0,0.0,0.0,1.0,0.0,1.0,0.0,1.0,0.0,1.0,0.0,1.0,0.0,1.0,0.0,1.0,0.0,0
-0.7861017196987443,-1.2159432952203986,-0.19715281769767776,-0.5139302946839411,1.0697939734476725,0.7116549585777274,-0.8064319723557931,0.8462030954252985,1.4074050036975714,0.0,1.0,0.0,0.0,0.0,1.0,1.0,0.0,1.0,0.0,0.0,0.0,1.0,0.0,1.0,0.0,1.0,0.0,0.0,0.0,1.0,0.0,0.0,0.0,1.0,0.0,1.0,1.0,0.0,1.0,0.0,1.0,0.0,1.0,0.0,1.0,0.0,1
-1.5233181488152214,-0.6565483862046363,-0.7986240809559337,0.2786309572667928,-0.8180777444011614,-0.7865499863509285,-0.9850827834366986,0.2955707054035036,-0.8079913655023788,0.0,1.0,0.0,1.0,0.0,0.0,1.0,0.0,1.0,0.0,0.0,1.0,0.0,0.0,1.0,0.0,1.0,0.0,0.0,0.0,1.0,0.0,0.0,1.0,0.0,1.0,0.0,1.0,0.0,1.0,0.0,1.0,0.0,1.0,0.0,1.0,0.0,0
1.0042810367269857,-0.09715347718887411,-0.08437695583675477,0.8730518962298432,2.0137298323720896,2.291284085295984,-0.14252693117675233,-1.356326464661881,1.6183951340975666,0.0,1.0,0.0,0.0,1.0,0.0,0.0,1.0,0.0,1.0,0.0,1.0,0.0,0.0,1.0,0.0,1.0,0.0,0.0,0.0,1.0,0.0,0.0,1.0,0.0,0.0,1.0,1.0,0.0,1.0,0.0,1.0,0.0,0.0,1.0,0.0,1.0,0
-1.3126848833533709,-1.2159432952203986,-0.21594879467449826,0.5956554580470864,-0.8180777444011614,-0.7865499863509285,-0.8197100731793739,-0.12799267153633856,-0.8079913655023788,0.0,1.0,0.0,1.0,0.0,0.0,1.0,0.0,1.0,0.0,0.0,1.0,0.0,1.0,0.0,0.0,1.0,0.0,0.0,0.0,1.0,0.0,0.0,1.0,0.0,1.0,0.0,1.0,0.0,1.0,0.0,1.0,0.0,1.0,0.0,1.0,0.0,0
1.3202309349197616,1.3013337953505313,-0.08437695583675477,-1.9009124855977255,-0.8180777444011614,-0.7865499863509285,-0.14252693117675233,1.4815481608350616,-0.8079913655023788,1.0,0.0,0.0,0.0,0.0,1.0,1.0,0.0,1.0,0.0,0.0,1.0,0.0,0.0,1.0,0.0,1.0,0.0,0.0,0.0,0.0,0.0,1.0,0.0,1.0,1.0,0.0,1.0,0.0,0.0,1.0,0.0,1.0,0.0,1.0,1.0,0.0,1
0.7936477712651351,-0.09715347718887411,0.6862581002128858,0.08049064427910932,-0.2517162290465113,-0.3142897319712435,-0.14252693117675233,-0.04327999614837013,-0.2716322445381803,0.0,1.0,0.0,1.0,0.0,0.0,1.0,0.0,1.0,0.0,0.0,1.0,0.0,0.0,1.0,0.0,1.0,0.0,0.0,0.0,1.0,0.0,0.0,1.0,0.0,0.0,1.0,1.0,0.0,1.0,0.0,1.0,0.0,0.0,1.0,1.0,0.0,0
-2.049901312469848,-0.7684273680077888,-0.6858482190950108,2.1411498993510176,-0.15732264315406966,-0.39897088103242845,-0.9488697811905691,-1.4833954777438334,0.24106397403053884,1.0,0.0,0.0,1.0,0.0,0.0,1.0,0.0,1.0,0.0,0.0,1.0,0.0,1.0,0.0,0.0,1.0,0.0,0.0,0.0,1.0,0.0,0.0,1.0,0.0,0.0,1.0,1.0,0.0,1.0,0.0,1.0,0.0,1.0,0.0,1.0,0.0,0
-0.7861017196987443,0.4622414318268881,1.2125454555638597,-0.7120706076716246,0.881006801662789,0.5618344640848618,1.3156499592673954,1.0579847838952194,1.1858653667775767,0.0,1.0,0.0,0.0,0.0,1.0,1.0,0.0,1.0,0.0,0.0,0.0,1.0,0.0,1.0,0.0,0.0,0.0,1.0,0.0,0.0,0.0,1.0,0.0,1.0,0.0,1.0,0.0,1.0,0.0,1.0,0.0,1.0,0.0,1.0,1.0,0.0,2
0.8989644039960604,-0.6565483862046363,-0.08437695583675477,-0.15727773130611086,-1.5732264315406952,-1.594277869703769,-0.14252693117675233,-0.212705346924307,-1.4654638363617187,0.0,1.0,1.0,0.0,0.0,0.0,1.0,0.0,0.0,0.0,1.0,1.0,0.0,0.0,1.0,0.0,0.0,0.0,1.0,0.0,1.0,0.0,0.0,1.0,0.0,1.0,0.0,0.0,1.0,1.0,0.0,1.0,0.0,0.0,1.0,0.0,1.0,1
0.37238124034143394,-0.20903245899202655,-0.32872465653542127,0.4767712702544763,-0.44050340083139466,-0.41525571739034856,-0.40181202725903953,-0.6786250615581334,-0.45041861819291307,0.0,1.0,0.0,0.0,1.0,0.0,1.0,0.0,0.0,0.0,1.0,1.0,0.0,0.0,1.0,0.0,0.0,1.0,0.0,0.0,0.0,0.0,1.0,1.0,0.0,0.0,1.0,0.0,1.0,0.0,1.0,1.0,0.0,1.0,0.0,0.0,1.0,1
0.37238124034143394,1.0216363408426503,-2.264710285147933,1.3882167099978202,-0.6292905726162781,-0.6009028518706385,-1.6586446252147071,-1.6528208285197703,-0.6292049918476459,0.0,1.0,0.0,0.0,1.0,0.0,0.0,1.0,1.0,0.0,0.0,1.0,0.0,1.0,0.0,0.0,0.0,1.0,0.0,0.0,0.0,0.0,1.0,1.0,0.0,0.0,1.0,0.0,1.0,0.0,1.0,0.0,1.0,1.0,0.0,1.0,0.0,0
-0.47015182150596846,-0.7684273680077888,-1.8324028146810614,-0.47430223208640443,-0.06292905726162788,-0.1481844011204577,-1.8177404150827028,0.6767777446493616,0.023912577217602624,0.0,1.0,0.0,0.0,1.0,0.0,1.0,0.0,0.0,0.0,1.0,1.0,0.0,1.0,0.0,0.0,0.0,0.0,0.0,1.0,1.0,0.0,0.0,1.0,0.0,0.0,1.0,0.0,1.0,1.0,0.0,1.0,0.0,1.0,0.0,0.0,1.0,1
0.2670646076105086,-0.6565483862046363,0.6110741923056038,0.4767712702544763,0.12585811452325546,0.12540084969260118,0.10130728394718627,-0.6362687238641491,0.10190357184760075,1.0,0.0,0.0,1.0,0.0,0.0,1.0,0.0,1.0,0.0,0.0,1.0,0.0,0.0,1.0,0.0,1.0,0.0,0.0,0.0,1.0,0.0,0.0,1.0,0.0,0.0,1.0,1.0,0.0,1.0,0.0,1.0,0.0,0.0,1.0,1.0,0.0,1
0.6883311385342098,-0.6565483862046363,-1.2873194823532668,-1.6631441100125053,-0.8180777444011614,-0.7865499863509285,-1.3616980067964453,1.4815481608350616,-0.8079913655023788,1.0,0.0,0.0,0.0,1.0,0.0,0.0,1.0,1.0,0.0,0.0,1.0,0.0,1.0,0.0,0.0,1.0,0.0,0.0,0.0,1.0,0.0,0.0,1.0,0.0,1.0,0.0,1.0,0.0,1.0,0.0,1.0,0.0,1.0,0.0,1.0,0.0,0
0.1617479748795833,2.699821067889937,1.5132810871929878,-0.8309547954642347,2.391304175941856,2.2587144125801437,3.1649272739697416,0.8038467577313142,2.3418994721600956,1.0,0.0,0.0,0.0,0.0,1.0,1.0,0.0,0.0,1.0,0.0,0.0,1.0,0.0,1.0,0.0,1.0,0.0,0.0,0.0,1.0,0.0,0.0,0.0,1.0,0.0,1.0,1.0,0.0,1.0,0.0,0.0,1.0,0.0,1.0,0.0,1.0,2
0.2670646076105086,-0.09715347718887411,-0.08437695583675477,-0.9498389832568448,-0.8180777444011614,-0.7865499863509285,-0.14252693117675233,0.8885594331192826,-0.8079913655023788,0.0,1.0,0.0,0.0,1.0,0.0,1.0,0.0,1.0,0.0,0.0,1.0,0.0,0.0,1.0,0.0,1.0,0.0,0.0,0.0,1.0,0.0,0.0,1.0,0.0,1.0,0.0,1.0,0.0,1.0,0.0,1.0,0.0,0.0,1.0,1.0,0.0,0
-0.9967349851605949,-0.6565483862046363,0.31033856067647575,1.3882167099978202,-0.8180777444011614,-0.7865499863509285,-0.1304559304280425,-1.1021884384979757,-0.8079913655023788,0.0,1.0,0.0,1.0,0.0,0.0,1.0,0.0,1.0,0.0,0.0,1.0,0.0,1.0,0.0,0.0,1.0,0.0,0.0,0.0,0.0,0.0,1.0,1.0,0.0,1.0,0.0,1.0,0.0,0.0,1.0,1.0,0.0,0.0,1.0,1.0,0.0,0
-0.15420192331319255,-1.327822277023551,-0.25354074862813925,0.3578870824618662,-0.7236841585087198,-0.7018688372897436,-0.9025171383155234,-0.33977436000625966,-0.7100026799416117,0.0,1.0,0.0,0.0,0.0,1.0,0.0,1.0,1.0,0.0,0.0,1.0,0.0,1.0,0.0,0.0,0.0,0.0,0.0,1.0,0.0,0.0,1.0,0.0,1.0,0.0,1.0,0.0,1.0,0.0,1.0,1.0,0.0,1.0,0.0,1.0,0.0,0
1.2149143021888362,1.0216363408426503,-0.19715281769767776,-1.3064915466346751,-0.8180777444011614,-0.7865499863509285,0.33307049832241503,0.8885594331192826,-0.8079913655023788,0.0,1.0,0.0,0.0,0.0,1.0,0.0,1.0,0.0,1.0,0.0,0.0,1.0,0.0,1.0,0.0,1.0,0.0,0.0,0.0,1.0,0.0,0.0,0.0,1.0,0.0,1.0,1.0,0.0,1.0,0.0,0.0,1.0,1.0,0.0,0.0,1.0,3
1.0042810367269857,-0.09715347718887411,-0.08437695583675477,0.08049064427910932,-0.2517162290465113,-0.3142897319712435,-0.14252693117675233,-0.04327999614837013,-0.2716322445381803,1.0,0.0,0.0,1.0,0.0,0.0,1.0,0.0,1.0,0.0,0.0,1.0,0.0,0.0,1.0,0.0,1.0,0.0,0.0,0.0,1.0,0.0,0.0,1.0,0.0,0.0,1.0,1.0,0.0,1.0,0.0,1.0,0.0,0.0,1.0,1.0,0.0,0
-0.04888529058226727,-0.09715347718887411,-0.08437695583675477,-0.7120706076716246,-0.15732264315406966,-0.18238255747209017,-0.14252693117675233,0.76149042003733,-0.13501246844352602,0.0,1.0,0.0,1.0,0.0,0.0,1.0,0.0,0.0,1.0,0.0,1.0,0.0,0.0,0.0,1.0,1.0,0.0,0.0,0.0,1.0,0.0,0.0,1.0,0.0,0.0,1.0,1.0,0.0,1.0,0.0,1.0,0.0,0.0,1.0,0.0,1.0,0
0.4776978730723592,-0.6565483862046363,1.7576287878916543,1.3485886474002837,-0.8180777444011614,-0.7865499863509285,0.984904538752746,-1.6528208285197703,-0.8079913655023788,1.0,0.0,0.0,0.0,1.0,0.0,1.0,0.0,1.0,0.0,0.0,1.0,0.0,1.0,0.0,0.0,1.0,0.0,0.0,0.0,1.0,0.0,0.0,1.0,0.0,1.0,0.0,1.0,0.0,1.0,0.0,1.0,0.0,0.0,1.0,1.0,0.0,0
0.1617479748795833,0.18254397731900698,0.06599085997780924,0.91267995882738,0.5034324580930222,0.4673824132089248,0.1338989859687028,-1.0598321008039913,0.4890225088292283,1.0,0.0,0.0,1.0,0.0,0.0,1.0,0.0,0.0,0.0,1.0,1.0,0.0,0.0,1.0,0.0,1.0,0.0,0.0,0.0,1.0,0.0,0.0,1.0,0.0,0.0,1.0,1.0,0.0,1.0,0.0,1.0,0.0,0.0,1.0,0.0,1.0,0
1.109597669457911,3.818610885921461,-0.08437695583675477,0.08049064427910932,0.12585811452325546,0.25567954055596254,-0.14252693117675233,-0.5515560484761808,-0.01183329532114665,1.0,0.0,0.0,0.0,0.0,1.0,1.0,0.0,1.0,0.0,0.0,0.0,1.0,0.0,1.0,0.0,1.0,0.0,0.0,0.0,1.0,0.0,0.0,0.0,1.0,0.0,1.0,1.0,0.0,1.0,0.0,0.0,1.0,0.0,1.0,1.0,0.0,3
-0.5754684542368937,-0.6565483862046363,0.25395062974601423,-0.9102109206593081,1.0697939734476725,0.7767943040094081,-0.17391153312339788,1.1850537969771722,1.3150968216475734,0.0,1.0,0.0,0.0,0.0,1.0,1.0,0.0,1.0,0.0,0.0,1.0,0.0,0.0,1.0,0.0,1.0,0.0,0.0,0.0,1.0,0.0,0.0,0.0,1.0,0.0,1.0,1.0,0.0,1.0,0.0,1.0,0.0,0.0,1.0,1.0,0.0,1
1.3202309349197616,-1.104064313417246,0.27274660672283474,0.08049064427910932,0.5978260439854639,0.8256488130831686,-0.41146882785800737,-0.6362687238641491,0.35005673657941344,0.0,1.0,0.0,0.0,0.0,1.0,1.0,0.0,1.0,0.0,0.0,1.0,0.0,1.0,0.0,0.0,1.0,0.0,0.0,0.0,1.0,0.0,0.0,0.0,1.0,0.0,1.0,1.0,0.0,1.0,0.0,1.0,0.0,0.0,1.0,1.0,0.0,1
0.5830145058032845,-0.3768509316967552,-0.08437695583675477,1.4674728351928936,1.6361554888023226,1.711543910954026,-0.14252693117675233,-1.8222461792957072,1.4374442765002826,0.0,1.0,0.0,0.0,1.0,0.0,1.0,0.0,1.0,0.0,0.0,1.0,0.0,0.0,1.0,0.0,1.0,0.0,0.0,0.0,1.0,0.0,0.0,1.0,0.0,0.0,1.0,1.0,0.0,1.0,0.0,1.0,0.0,0.0,1.0,1.0,0.0,1
-1.9445846797389226,-0.6565483862046363,1.1561575246333982,1.6656131481805772,-0.8180777444011614,-0.7865499863509285,0.5213781100022884,-1.017475763110007,-0.8079913655023788,0.0,1.0,0.0,1.0,0.0,0.0,1.0,0.0,0.0,0.0,1.0,1.0,0.0,0.0,1.0,0.0,1.0,0.0,0.0,0.0,1.0,0.0,0.0,1.0,0.0,1.0,0.0,1.0,0.0,1.0,0.0,1.0,0.0,0.0,1.0,0.0,1.0,0
-0.7861017196987443,-0.7684273680077888,-1.1369516665387027,-0.5535583572814778,-0.8180777444011614,-0.7865499863509285,-1.2907205223940315,0.8885594331192826,-0.8079913655023788,0.0,1.0,0.0,0.0,0.0,1.0,1.0,0.0,1.0,0.0,0.0,1.0,0.0,0.0,1.0,0.0,1.0,0.0,0.0,0.0,0.0,0.0,1.0,0.0,1.0,1.0,0.0,1.0,0.0,0.0,1.0,1.0,0.0,1.0,0.0,1.0,0.0,1
0.37238124034143394,0.685999395433193,0.44191039951421923,0.8730518962298432,1.0697939734476725,1.0699213584519711,0.7531413243775172,-1.1021884384979757,0.9798723710449494,0.0,1.0,0.0,0.0,0.0,1.0,0.0,1.0,0.0,1.0,0.0,0.0,1.0,0.0,1.0,0.0,1.0,0.0,0.0,0.0,1.0,0.0,0.0,0.0,1.0,0.0,1.0,1.0,0.0,1.0,0.0,0.0,1.0,0.0,1.0,0.0,1.0,3
0.1617479748795833,-0.9362458407125174,-0.08437695583675477,0.6749115832421598,-0.7236841585087198,-0.6969833863823676,-0.14252693117675233,-0.805694074640086,-0.7153475173358355,0.0,1.0,0.0,0.0,0.0,1.0,1.0,0.0,1.0,0.0,0.0,1.0,0.0,0.0,1.0,0.0,1.0,0.0,0.0,0.0,1.0,0.0,0.0,0.0,1.0,0.0,1.0,1.0,0.0,1.0,0.0,1.0,0.0,0.0,1.0,1.0,0.0,1
-1.2073682506224455,-0.6565483862046363,-0.34752063351224177,0.5560273954495497,0.5978260439854639,0.2393947041980424,-0.6374379618738555,-0.12799267153633856,1.0117985091975803,0.0,1.0,0.0,0.0,1.0,0.0,1.0,0.0,1.0,0.0,0.0,0.0,1.0,0.0,1.0,0.0,1.0,0.0,0.0,0.0,1.0,0.0,0.0,1.0,0.0,0.0,1.0,1.0,0.0,1.0,0.0,1.0,0.0,1.0,0.0,1.0,0.0,0
-1.9445846797389226,-0.320911440795179,0.6674621232360652,0.7145396458396964,-0.8180777444011614,-0.7865499863509285,0.349004219310712,-0.0009236584543859159,-0.8079913655023788,0.0,1.0,0.0,0.0,0.0,1.0,1.0,0.0,0.0,0.0,1.0,0.0,1.0,1.0,0.0,0.0,1.0,0.0,0.0,0.0,0.0,0.0,1.0,0.0,1.0,0.0,1.0,1.0,0.0,0.0,1.0,1.0,0.0,0.0,1.0,0.0,1.0,1
-1.2073682506224455,0.7419388863347692,-0.08437695583675477,-1.5442599222198952,-0.8180777444011614,-0.7865499863509285,-0.14252693117675233,2.116893226244825,-0.8079913655023788,0.0,1.0,0.0,0.0,0.0,1.0,1.0,0.0,1.0,0.0,0.0,0.0,1.0,0.0,1.0,0.0,1.0,0.0,0.0,0.0,1.0,0.0,0.0,0.0,1.0,0.0,1.0,1.0,0.0,1.0,0.0,0.0,1.0,0.0,1.0,1.0,0.0,2
-0.3648351887750431,0.4622414318268881,-2.2083223542174713,-0.11764966870857416,-0.8180777444011614,-0.7865499863509285,-1.7600410315038697,0.2532143677095194,-0.8079913655023788,0.0,1.0,0.0,0.0,0.0,1.0,1.0,0.0,1.0,0.0,0.0,1.0,0.0,0.0,1.0,0.0,1.0,0.0,0.0,0.0,1.0,0.0,0.0,0.0,1.0,1.0,0.0,1.0,0.0,1.0,0.0,0.0,1.0,1.0,0.0,1.0,0.0,0
0.2670646076105086,-0.6565483862046363,-3.0353453411975733,0.08049064427910932,-0.8180777444011614,-0.7865499863509285,-2.7088216903524627,-0.212705346924307,-0.8079913655023788,0.0,1.0,0.0,0.0,0.0,1.0,1.0,0.0,1.0,0.0,0.0,1.0,0.0,0.0,1.0,0.0,1.0,0.0,0.0,0.0,1.0,0.0,0.0,0.0,1.0,1.0,0.0,1.0,0.0,1.0,0.0,1.0,0.0,1.0,0.0,1.0,0.0,0
1.0042810367269857,-0.320911440795179,-0.08437695583675477,-0.7120706076716246,0.5978260439854639,0.7523670494725279,-0.14252693117675233,0.33792704309748783,0.4052018842975939,0.0,1.0,0.0,0.0,0.0,1.0,1.0,0.0,0.0,1.0,0.0,1.0,0.0,0.0,0.0,1.0,1.0,0.0,0.0,0.0,1.0,0.0,0.0,0.0,1.0,0.0,1.0,1.0,0.0,1.0,0.0,1.0,0.0,0.0,1.0,0.0,1.0,0
0.7936477712651351,0.7419388863347692,1.1373615476565777,0.31825901986432953,0.12585811452325546,0.20682503148220205,1.4333422165673162,-0.6786250615581334,0.027322019605799237,1.0,0.0,0.0,0.0,0.0,1.0,1.0,0.0,0.0,0.0,1.0,0.0,1.0,0.0,1.0,0.0,1.0,0.0,0.0,0.0,0.0,0.0,1.0,0.0,1.0,0.0,1.0,1.0,0.0,0.0,1.0,0.0,1.0,0.0,1.0,0.0,1.0,1
0.5830145058032845,0.4622414318268881,-0.08437695583675477,-0.8309547954642347,0.12585811452325546,0.1742553587663617,-0.14252693117675233,0.6344214069553773,0.05563772757556793,0.0,1.0,0.0,0.0,0.0,1.0,1.0,0.0,0.0,1.0,0.0,0.0,1.0,0.0,1.0,0.0,1.0,0.0,0.0,0.0,1.0,0.0,0.0,0.0,1.0,0.0,1.0,1.0,0.0,1.0,0.0,0.0,1.0,0.0,1.0,0.0,1.0,1
-0.15420192331319255,2.2523051406773273,-0.8926039658400363,0.9523080214249167,-0.346109814938953,-0.36314424104500403,0.1915983695475358,-0.9751194254160229,-0.3180479376985436,0.0,1.0,0.0,0.0,1.0,0.0,0.0,1.0,1.0,0.0,0.0,1.0,0.0,1.0,0.0,0.0,1.0,0.0,0.0,0.0,0.0,0.0,1.0,1.0,0.0,0.0,1.0,1.0,0.0,0.0,1.0,0.0,1.0,1.0,0.0,1.0,0.0,0
1.3202309349197616,-0.6565483862046363,-0.08437695583675477,-0.7120706076716246,-1.2900456738633699,-1.3239495861622943,-0.14252693117675233,0.21085803001553516,-1.1940073995296427,0.0,1.0,0.0,0.0,1.0,0.0,1.0,0.0,0.0,1.0,0.0,1.0,0.0,1.0,0.0,0.0,1.0,0.0,0.0,0.0,1.0,0.0,0.0,1.0,0.0,1.0,0.0,1.0,0.0,1.0,0.0,1.0,0.0,0.0,1.0,0.0,1.0,0
-1.1020516178915203,-0.6565483862046363,-0.5918683342109082,1.4674728351928936,-0.8180777444011614,-0.7865499863509285,-0.8257455735537288,-1.1445447761919598,-0.8079913655023788,1.0,0.0,0.0,1.0,0.0,0.0,1.0,0.0,0.0,1.0,0.0,1.0,0.0,0.0,1.0,0.0,1.0,0.0,0.0,0.0,1.0,0.0,0.0,1.0,0.0,1.0,0.0,1.0,0.0,1.0,0.0,1.0,0.0,1.0,0.0,0.0,1.0,0
0.8989644039960604,-0.09715347718887411,-0.08437695583675477,0.08049064427910932,-0.2517162290465113,-0.3142897319712435,-0.14252693117675233,-0.04327999614837013,-0.2716322445381803,0.0,1.0,0.0,1.0,0.0,0.0,1.0,0.0,1.0,0.0,0.0,1.0,0.0,0.0,1.0,0.0,1.0,0.0,0.0,0.0,1.0,0.0,0.0,1.0,0.0,0.0,1.0,1.0,0.0,1.0,0.0,1.0,0.0,0.0,1.0,1.0,0.0,0
0.05643134214865803,-0.6565483862046363,-0.30992867955860076,0.08049064427910932,-0.8180777444011614,-0.7865499863509285,-0.6084675600769518,-0.12799267153633856,-0.8079913655023788,1.0,0.0,0.0,1.0,0.0,0.0,0.0,1.0,1.0,0.0,0.0,1.0,0.0,0.0,1.0,0.0,1.0,0.0,0.0,0.0,1.0,0.0,0.0,1.0,0.0,1.0,0.0,1.0,0.0,1.0,0.0,1.0,0.0,1.0,0.0,1.0,0.0,0
-2.5764844761244743,-0.09715347718887411,-0.7986240809559337,2.5374305253263847,-0.8180777444011614,-0.7865499863509285,-0.7388343681630181,-1.6951771662137547,-0.8079913655023788,0.0,1.0,0.0,1.0,0.0,0.0,1.0,0.0,0.0,0.0,1.0,1.0,0.0,1.0,0.0,0.0,1.0,0.0,0.0,0.0,1.0,0.0,0.0,1.0,0.0,1.0,0.0,1.0,0.0,1.0,0.0,1.0,0.0,1.0,0.0,0.0,1.0,0
1.6361808331125374,0.4622414318268881,-0.08437695583675477,-0.791326732866698,1.541761902909881,2.0225842853903013,-0.14252693117675233,0.16850169232155096,1.0381722754975797,0.0,1.0,0.0,0.0,1.0,0.0,1.0,0.0,0.0,1.0,0.0,1.0,0.0,0.0,0.0,1.0,1.0,0.0,0.0,0.0,1.0,0.0,0.0,1.0,0.0,0.0,1.0,1.0,0.0,1.0,0.0,0.0,1.0,0.0,1.0,0.0,1.0,2
0.8989644039960604,-0.6565483862046363,0.3855224685837577,-1.5442599222198952,0.881006801662789,1.030837751192963,-0.0725151268342353,1.2697664723651405,0.6713216939311365,0.0,1.0,0.0,0.0,0.0,1.0,1.0,0.0,1.0,0.0,0.0,0.0,1.0,0.0,1.0,0.0,0.0,0.0,1.0,0.0,0.0,0.0,1.0,0.0,1.0,0.0,1.0,0.0,1.0,0.0,1.0,1.0,0.0,0.0,1.0,1.0,0.0,1
1.2149143021888362,1.0216363408426503,-0.21594879467449826,-0.7120706076716246,0.5978260439854639,0.8012215585462884,0.3149639971993503,0.2532143677095194,0.36787286122682566,0.0,1.0,0.0,0.0,0.0,1.0,1.0,0.0,1.0,0.0,0.0,0.0,1.0,0.0,1.0,0.0,1.0,0.0,0.0,0.0,1.0,0.0,0.0,0.0,1.0,0.0,1.0,1.0,0.0,1.0,0.0,0.0,1.0,1.0,0.0,1.0,0.0,3
0.6883311385342098,0.5741204136300405,-0.5730723572340878,-1.1083512336469916,1.541761902909881,1.6561754673370974,-0.2376464170765858,0.8885594331192826,1.3150968216475734,0.0,1.0,0.0,0.0,0.0,1.0,1.0,0.0,1.0,0.0,0.0,0.0,1.0,0.0,1.0,0.0,1.0,0.0,0.0,0.0,1.0,0.0,0.0,0.0,1.0,0.0,1.0,1.0,0.0,1.0,0.0,0.0,1.0,1.0,0.0,1.0,0.0,2
1.6361808331125374,0.4622414318268881,0.14117476788509123,0.31825901986432953,1.0697939734476725,1.4607574310420555,0.35238409952035077,-1.017475763110007,0.6689395472975881,0.0,1.0,0.0,0.0,1.0,0.0,1.0,0.0,0.0,0.0,1.0,1.0,0.0,0.0,1.0,0.0,0.0,0.0,0.0,1.0,0.0,0.0,1.0,1.0,0.0,0.0,1.0,0.0,1.0,0.0,1.0,0.0,1.0,0.0,1.0,0.0,1.0,2
1.109597669457911,0.4622414318268881,1.2501374095175009,-0.19690579390364754,-0.6292905726162781,-0.5781040809695503,1.349448761363783,-0.2550616846182912,-0.6487597514661324,1.0,0.0,0.0,0.0,1.0,0.0,1.0,0.0,1.0,0.0,0.0,1.0,0.0,1.0,0.0,0.0,1.0,0.0,0.0,0.0,0.0,0.0,1.0,1.0,0.0,0.0,1.0,1.0,0.0,0.0,1.0,0.0,1.0,0.0,1.0,1.0,0.0,0
0.4776978730723592,-0.6565483862046363,0.7050540771897063,0.8730518962298432,0.881006801662789,0.9135869294159377,0.17373328843944527,-1.1445447761919598,0.773343284236896,0.0,1.0,0.0,1.0,0.0,0.0,1.0,0.0,0.0,0.0,1.0,1.0,0.0,0.0,1.0,0.0,1.0,0.0,0.0,0.0,1.0,0.0,0.0,1.0,0.0,0.0,1.0,1.0,0.0,1.0,0.0,1.0,0.0,0.0,1.0,0.0,1.0,1
-1.6286347815461466,-0.6565483862046363,0.6674621232360652,1.2693325222052103,-0.8180777444011614,-0.7865499863509285,0.14476288664254167,-0.7209813992521176,-0.8079913655023788,0.0,1.0,0.0,0.0,0.0,1.0,1.0,0.0,1.0,0.0,0.0,1.0,0.0,0.0,1.0,0.0,1.0,0.0,0.0,0.0,1.0,0.0,0.0,0.0,1.0,1.0,0.0,1.0,0.0,1.0,0.0,1.0,0.0,0.0,1.0,1.0,0.0,1
0.1617479748795833,0.4622414318268881,-0.8550120118863953,-0.31578998169625766,2.0137298323720896,1.9004480127059,-0.5432841560339188,0.2532143677095194,1.9713240794939224,0.0,1.0,0.0,0.0,0.0,1.0,1.0,0.0,1.0,0.0,0.0,0.0,1.0,0.0,1.0,0.0,1.0,0.0,0.0,0.0,1.0,0.0,0.0,0.0,1.0,0.0,1.0,1.0,0.0,1.0,0.0,0.0,1.0,1.0,0.0,1.0,0.0,1
1.7414974658434628,-0.9362458407125174,-0.08437695583675477,-1.821656360402652,-0.8180777444011614,-0.7865499863509285,-0.14252693117675233,1.2274101346711563,-0.8079913655023788,0.0,1.0,0.0,0.0,0.0,1.0,1.0,0.0,0.0,1.0,0.0,0.0,1.0,0.0,1.0,0.0,1.0,0.0,0.0,0.0,0.0,0.0,1.0,0.0,1.0,0.0,1.0,1.0,0.0,0.0,1.0,1.0,0.0,0.0,1.0,0.0,1.0,1
-0.680785086967819,1.5810312498584125,-0.08437695583675477,-0.5535583572814778,-0.8180777444011614,-0.7865499863509285,-0.14252693117675233,0.8462030954252985,-0.8079913655023788,0.0,1.0,0.0,0.0,0.0,1.0,1.0,0.0,1.0,0.0,0.0,0.0,1.0,0.0,1.0,0.0,1.0,0.0,0.0,0.0,0.0,0.0,1.0,0.0,1.0,0.0,1.0,1.0,0.0,0.0,1.0,0.0,1.0,0.0,1.0,1.0,0.0,1
1.9521307313053133,-0.09715347718887411,-0.6670522421181903,0.08049064427910932,-0.2517162290465113,-0.3142897319712435,-0.14252693117675233,-0.04327999614837013,-0.2716322445381803,0.0,1.0,0.0,0.0,0.0,1.0,1.0,0.0,1.0,0.0,0.0,1.0,0.0,0.0,1.0,0.0,1.0,0.0,0.0,0.0,1.0,0.0,0.0,0.0,1.0,0.0,1.0,1.0,0.0,1.0,0.0,1.0,0.0,1.0,0.0,1.0,0.0,1
-1.9445846797389226,0.35036245002373567,-1.1933395974691643,1.7448692733756506,0.5034324580930222,0.011406995187159966,-0.8916532376416845,-1.1021884384979757,1.2301732941615755,1.0,0.0,0.0,0.0,0.0,1.0,1.0,0.0,1.0,0.0,0.0,1.0,0.0,1.0,0.0,0.0,1.0,0.0,0.0,0.0,1.0,0.0,0.0,0.0,1.0,0.0,1.0,1.0,0.0,1.0,0.0,1.0,0.0,1.0,0.0,1.0,0.0,0
-0.25951855604411783,-2.0550356587440417,-0.08437695583675477,-0.47430223208640443,1.2585811452325562,1.040608653007715,-0.14252693117675233,0.5920650692613931,1.390029345899925,0.0,1.0,0.0,0.0,0.0,1.0,1.0,0.0,1.0,0.0,0.0,1.0,0.0,0.0,1.0,0.0,1.0,0.0,0.0,0.0,1.0,0.0,0.0,0.0,1.0,0.0,1.0,1.0,0.0,1.0,0.0,1.0,0.0,0.0,1.0,1.0,0.0,2
-0.04888529058226727,0.4622414318268881,-0.8174200579327543,0.6749115832421598,2.108123418264531,1.8890486272553562,-0.5094853539375312,-0.7209813992521176,2.1723437500439693,0.0,1.0,0.0,0.0,0.0,1.0,0.0,1.0,0.0,0.0,1.0,0.0,1.0,0.0,0.0,1.0,1.0,0.0,0.0,0.0,0.0,0.0,1.0,0.0,1.0,0.0,1.0,1.0,0.0,0.0,1.0,0.0,1.0,1.0,0.0,0.0,1.0,1
-0.5754684542368937,1.5810312498584125,0.4043184455605782,-1.3857476718297486,0.12585811452325546,-0.004877841170760207,1.2359813543259104,1.6933298493049829,0.2535527280725973,0.0,1.0,0.0,0.0,0.0,1.0,1.0,0.0,1.0,0.0,0.0,0.0,1.0,0.0,1.0,0.0,1.0,0.0,0.0,0.0,1.0,0.0,0.0,0.0,1.0,0.0,1.0,1.0,0.0,1.0,0.0,0.0,1.0,0.0,1.0,1.0,0.0,1
-1.418001516084296,-0.09715347718887411,0.6486661462592448,1.1504483344126002,-0.8180777444011614,-0.7865499863509285,0.46947280678283615,-0.6786250615581334,-0.8079913655023788,0.0,1.0,0.0,0.0,1.0,0.0,1.0,0.0,1.0,0.0,0.0,1.0,0.0,0.0,1.0,0.0,1.0,0.0,0.0,0.0,1.0,0.0,0.0,1.0,0.0,1.0,0.0,1.0,0.0,1.0,0.0,1.0,0.0,0.0,1.0,1.0,0.0,0
1.0042810367269857,2.979518522397818,-0.08437695583675477,-1.5838879848174319,-0.8180777444011614,-0.7865499863509285,-0.14252693117675233,1.2697664723651405,-0.8079913655023788,0.0,1.0,0.0,0.0,0.0,1.0,1.0,0.0,1.0,0.0,0.0,0.0,1.0,1.0,0.0,0.0,1.0,0.0,0.0,0.0,0.0,0.0,1.0,0.0,1.0,0.0,1.0,1.0,0.0,0.0,1.0,0.0,1.0,0.0,1.0,1.0,0.0,1
0.6883311385342098,-0.09715347718887411,1.3065253404479622,0.08049064427910932,-0.2517162290465113,-0.3142897319712435,-0.14252693117675233,-0.04327999614837013,-0.2716322445381803,0.0,1.0,0.0,0.0,1.0,0.0,0.0,1.0,0.0,1.0,0.0,1.0,0.0,0.0,1.0,0.0,1.0,0.0,0.0,0.0,1.0,0.0,0.0,1.0,0.0,0.0,1.0,1.0,0.0,1.0,0.0,1.0,0.0,0.0,1.0,0.0,1.0,3
0.6883311385342098,-0.09715347718887411,-0.9677878737473182,0.08049064427910932,-0.2517162290465113,-0.3142897319712435,-0.14252693117675233,-0.04327999614837013,-0.2716322445381803,0.0,1.0,0.0,0.0,0.0,1.0,1.0,0.0,1.0,0.0,0.0,1.0,0.0,0.0,1.0,0.0,1.0,0.0,0.0,0.0,1.0,0.0,0.0,0.0,1.0,0.0,1.0,1.0,0.0,1.0,0.0,1.0,0.0,1.0,0.0,1.0,0.0,0
0.8989644039960604,1.5810312498584125,0.14117476788509123,-1.187607358842065,2.0137298323720896,2.2424295762222237,0.9655909375548102,0.8885594331192826,1.6575304002201465,0.0,1.0,0.0,0.0,0.0,1.0,0.0,1.0,0.0,1.0,0.0,0.0,1.0,0.0,1.0,0.0,1.0,0.0,0.0,0.0,1.0,0.0,0.0,0.0,1.0,0.0,1.0,1.0,0.0,1.0,0.0,0.0,1.0,0.0,1.0,0.0,1.0,4
-0.15420192331319255,-0.6565483862046363,0.7050540771897063,-0.791326732866698,-0.8180777444011614,-0.7865499863509285,0.17373328843944527,0.8885594331192826,-0.8079913655023788,0.0,1.0,0.0,1.0,0.0,0.0,1.0,0.0,1.0,0.0,0.0,1.0,0.0,0.0,1.0,0.0,1.0,0.0,0.0,0.0,1.0,0.0,0.0,1.0,0.0,1.0,0.0,1.0,0.0,1.0,0.0,1.0,0.0,0.0,1.0,1.0,0.0,0
0.05643134214865803,-1.2159432952203986,-0.7234401730486518,0.1597467694741827,-0.8180777444011614,-0.7865499863509285,-1.178218795416056,-0.212705346924307,-0.8079913655023788,0.0,1.0,0.0,1.0,0.0,0.0,1.0,0.0,1.0,0.0,0.0,1.0,0.0,0.0,1.0,0.0,1.0,0.0,0.0,0.0,1.0,0.0,0.0,1.0,0.0,1.0,0.0,1.0,0.0,1.0,0.0,1.0,0.0,1.0,0.0,1.0,0.0,0
0.8989644039960604,0.4622414318268881,0.4043184455605782,0.8730518962298432,2.5800913477267398,2.8482254887368543,0.5889757141950634,-1.3139701269678967,2.1506347533646517,1.0,0.0,0.0,0.0,0.0,1.0,1.0,0.0,0.0,0.0,1.0,1.0,0.0,0.0,0.0,1.0,0.0,0.0,1.0,0.0,1.0,0.0,0.0,0.0,1.0,0.0,1.0,0.0,1.0,1.0,0.0,0.0,1.0,0.0,1.0,0.0,1.0,3
1.3202309349197616,-1.2159432952203986,-0.6294602881645492,-1.5442599222198952,0.4090388722005806,0.6106889731586223,-1.1118282912981519,1.1003411215892038,0.19565032296850787,0.0,1.0,0.0,0.0,1.0,0.0,0.0,1.0,0.0,0.0,1.0,0.0,1.0,0.0,1.0,0.0,1.0,0.0,0.0,0.0,1.0,0.0,0.0,1.0,0.0,0.0,1.0,1.0,0.0,1.0,0.0,1.0,0.0,1.0,0.0,0.0,1.0,0
0.37238124034143394,-0.20903245899202655,-0.08437695583675477,0.3975151450594029,0.12585811452325546,0.14168568605052134,-0.14252693117675233,-0.593912386170165,0.08594050277128532,0.0,1.0,0.0,0.0,0.0,1.0,0.0,1.0,0.0,1.0,0.0,0.0,1.0,0.0,1.0,0.0,1.0,0.0,0.0,0.0,1.0,0.0,0.0,0.0,1.0,0.0,1.0,1.0,0.0,1.0,0.0,1.0,0.0,0.0,1.0,0.0,1.0,1
-0.5754684542368937,-0.6565483862046363,0.14117476788509123,-1.1083512336469916,-0.8180777444011614,-0.7865499863509285,-0.2608227385141087,1.3968354854470932,-0.8079913655023788,1.0,0.0,0.0,0.0,0.0,1.0,1.0,0.0,0.0,1.0,0.0,1.0,0.0,0.0,1.0,0.0,1.0,0.0,0.0,0.0,1.0,0.0,0.0,0.0,1.0,1.0,0.0,1.0,0.0,1.0,0.0,1.0,0.0,0.0,1.0,0.0,1.0,0
-1.3126848833533709,-1.5515802406298558,-0.08437695583675477,-1.068723171049455,-0.8180777444011614,-0.7865499863509285,-0.14252693117675233,1.6509735116109985,-0.8079913655023788,0.0,1.0,0.0,0.0,0.0,1.0,1.0,0.0,0.0,1.0,0.0,1.0,0.0,0.0,1.0,0.0,1.0,0.0,0.0,0.0,1.0,0.0,0.0,0.0,1.0,1.0,0.0,1.0,0.0,1.0,0.0,1.0,0.0,0.0,1.0,0.0,1.0,0
-0.25951855604411783,-0.09715347718887411,1.0997695937029368,0.1597467694741827,0.3146452863081388,0.210081998753786,0.8460880301425829,-0.08563633384235435,0.39092902253524137,1.0,0.0,0.0,0.0,0.0,1.0,1.0,0.0,1.0,0.0,0.0,0.0,1.0,0.0,1.0,0.0,1.0,0.0,0.0,0.0,0.0,0.0,1.0,0.0,1.0,0.0,1.0,1.0,0.0,0.0,1.0,1.0,0.0,0.0,1.0,1.0,0.0,2
0.05643134214865803,-0.6565483862046363,0.21635867579237325,0.3578870824618662,-0.44050340083139466,-0.43479752101985275,-0.2028819349203015,-0.4244870353942281,-0.43055346556460944,0.0,1.0,0.0,0.0,1.0,0.0,1.0,0.0,0.0,0.0,1.0,1.0,0.0,0.0,1.0,0.0,1.0,0.0,0.0,0.0,0.0,0.0,1.0,1.0,0.0,0.0,1.0,1.0,0.0,0.0,1.0,1.0,0.0,0.0,1.0,0.0,1.0,0
-0.15420192331319255,-2.0550356587440417,-0.08437695583675477,-2.217936986378019,-0.2517162290465113,-0.3142897319712435,-0.14252693117675233,2.4133875901027144,-0.2716322445381803,0.0,1.0,0.0,0.0,0.0,1.0,1.0,0.0,1.0,0.0,0.0,0.0,1.0,0.0,1.0,0.0,1.0,0.0,0.0,0.0,1.0,0.0,0.0,0.0,1.0,0.0,1.0,1.0,0.0,1.0,0.0,1.0,0.0,0.0,1.0,1.0,0.0,2
-0.04888529058226727,-0.3768509316967552,-0.08437695583675477,-0.7120706076716246,0.5978260439854639,0.5080945041037253,-0.14252693117675233,0.76149042003733,0.6341062710523059,0.0,1.0,0.0,0.0,0.0,1.0,1.0,0.0,1.0,0.0,0.0,1.0,0.0,1.0,0.0,0.0,1.0,0.0,0.0,0.0,1.0,0.0,0.0,0.0,1.0,0.0,1.0,1.0,0.0,1.0,0.0,1.0,0.0,0.0,1.0,1.0,0.0,4
-1.1020516178915203,-0.6565483862046363,-1.3061154593300872,-0.7120706076716246,1.541761902909881,0.9640699221254901,-1.3761832076948972,1.1850537969771722,2.1544572677301126,0.0,1.0,0.0,0.0,0.0,1.0,1.0,0.0,0.0,0.0,1.0,0.0,1.0,0.0,1.0,0.0,1.0,0.0,0.0,0.0,0.0,0.0,1.0,0.0,1.0,0.0,1.0,1.0,0.0,0.0,1.0,1.0,0.0,1.0,0.0,0.0,1.0,3
-0.47015182150596846,-1.2159432952203986,-0.08437695583675477,0.8730518962298432,-0.8180777444011614,-0.7865499863509285,-0.14252693117675233,-0.7633377369461019,-0.8079913655023788,1.0,0.0,0.0,1.0,0.0,0.0,1.0,0.0,1.0,0.0,0.0,1.0,0.0,0.0,1.0,0.0,1.0,0.0,0.0,0.0,1.0,0.0,0.0,1.0,0.0,1.0,0.0,1.0,0.0,1.0,0.0,1.0,0.0,0.0,1.0,1.0,0.0,0
-0.04888529058226727,-0.6565483862046363,-0.08437695583675477,-0.23653385650118425,-0.8180777444011614,-0.7865499863509285,-0.14252693117675233,0.2532143677095194,-0.8079913655023788,0.0,1.0,0.0,1.0,0.0,0.0,1.0,0.0,1.0,0.0,0.0,1.0,0.0,0.0,1.0,0.0,1.0,0.0,0.0,0.0,1.0,0.0,0.0,1.0,0.0,1.0,0.0,1.0,0.0,1.0,0.0,1.0,0.0,0.0,1.0,1.0,0.0,0
-0.25951855604411783,0.4622414318268881,0.27274660672283474,1.9033815237657974,-0.8180777444011614,-0.7865499863509285,0.4706799068577071,-1.94931519237766,-0.8079913655023788,0.0,1.0,0.0,0.0,0.0,1.0,1.0,0.0,0.0,0.0,1.0,0.0,1.0,1.0,0.0,0.0,1.0,0.0,0.0,0.0,1.0,0.0,0.0,0.0,1.0,0.0,1.0,1.0,0.0,1.0,0.0,0.0,1.0,0.0,1.0,0.0,1.0,0
0.2670646076105086,-0.6565483862046363,-0.19715281769767776,1.5863570229855037,-0.06292905726162788,-0.05698931751610469,-0.5215563546862411,-1.8222461792957072,-0.08007541562239505,0.0,1.0,0.0,1.0,0.0,0.0,1.0,0.0,1.0,0.0,0.0,1.0,0.0,1.0,0.0,0.0,1.0,0.0,0.0,0.0,1.0,0.0,0.0,1.0,0.0,0.0,1.0,1.0,0.0,1.0,0.0,1.0,0.0,1.0,0.0,1.0,0.0,0
-0.5754684542368937,0.4622414318268881,-0.08437695583675477,0.8334238336323065,0.5978260439854639,0.38595823141932395,-0.14252693117675233,-0.6786250615581334,0.7843247748600854,0.0,1.0,0.0,0.0,0.0,1.0,1.0,0.0,1.0,0.0,0.0,0.0,1.0,1.0,0.0,0.0,1.0,0.0,0.0,0.0,1.0,0.0,0.0,0.0,1.0,0.0,1.0,1.0,0.0,1.0,0.0,0.0,1.0,0.0,1.0,1.0,0.0,3
0.4776978730723592,1.0216363408426503,-0.5166844263036263,-0.791326732866698,-0.8180777444011614,-0.7865499863509285,0.025259979230314332,0.6344214069553773,-0.8079913655023788,0.0,1.0,0.0,0.0,1.0,0.0,1.0,0.0,0.0,1.0,0.0,0.0,1.0,0.0,1.0,0.0,1.0,0.0,0.0,0.0,1.0,0.0,0.0,1.0,0.0,0.0,1.0,1.0,0.0,1.0,0.0,0.0,1.0,1.0,0.0,0.0,1.0,2
-0.9967349851605949,-0.7684273680077888,-0.08437695583675477,0.4371432076569396,-0.5348969867238365,-0.5715901464263822,-0.49306879291928585,-0.08563633384235435,-0.4605769348778412,1.0,0.0,0.0,0.0,1.0,0.0,1.0,0.0,1.0,0.0,0.0,1.0,0.0,0.0,1.0,0.0,0.0,1.0,0.0,0.0,1.0,0.0,0.0,1.0,0.0,0.0,1.0,0.0,1.0,1.0,0.0,1.0,0.0,0.0,1.0,1.0,0.0,0
-1.2073682506224455,-1.6634592224330083,0.34793051463011676,-0.6328144824765513,-0.2517162290465113,-0.37617211013134016,-0.6772722643445979,1.142697459283188,-0.08007541562239515,1.0,0.0,0.0,0.0,0.0,1.0,1.0,0.0,0.0,0.0,1.0,1.0,0.0,0.0,1.0,0.0,1.0,0.0,0.0,0.0,1.0,0.0,0.0,0.0,1.0,0.0,1.0,1.0,0.0,1.0,0.0,1.0,0.0,0.0,1.0,0.0,1.0,0
0.5830145058032845,-1.2159432952203986,-0.14076488676721627,0.1597467694741827,0.3146452863081388,0.3664164277898197,-0.7665976698850506,-0.4244870353942281,0.2283635461911572,0.0,1.0,0.0,0.0,0.0,1.0,1.0,0.0,0.0,0.0,1.0,0.0,1.0,0.0,1.0,0.0,0.0,1.0,0.0,0.0,0.0,0.0,1.0,0.0,1.0,0.0,1.0,0.0,1.0,0.0,1.0,1.0,0.0,1.0,0.0,0.0,1.0,2
-0.8914183524296696,0.014725504614278323,0.9494017778883728,0.23900289466925612,-0.8180777444011614,-0.7865499863509285,0.7922513668033371,0.08378901693358252,-0.8079913655023788,1.0,0.0,0.0,0.0,0.0,1.0,1.0,0.0,1.0,0.0,0.0,1.0,0.0,0.0,1.0,0.0,1.0,0.0,0.0,0.0,1.0,0.0,0.0,0.0,1.0,1.0,0.0,1.0,0.0,1.0,0.0,1.0,0.0,0.0,1.0,1.0,0.0,0
0.7936477712651351,3.259215976905699,0.7614420081201677,0.4767712702544763,1.0697939734476725,1.2002000493153326,2.642252941550606,-0.8480504123340703,0.8626354047139773,0.0,1.0,0.0,0.0,0.0,1.0,0.0,1.0,0.0,0.0,1.0,0.0,1.0,0.0,0.0,1.0,1.0,0.0,0.0,0.0,1.0,0.0,0.0,0.0,1.0,0.0,1.0,1.0,0.0,1.0,0.0,0.0,1.0,0.0,1.0,0.0,1.0,4
-0.5754684542368937,1.5810312498584125,-1.0053798277009593,-1.425375734427285,2.0137298323720896,1.5584664491895763,-0.21253873551926936,1.735686186998967,2.37664091522255,0.0,1.0,0.0,0.0,0.0,1.0,1.0,0.0,1.0,0.0,0.0,0.0,1.0,0.0,1.0,0.0,1.0,0.0,0.0,0.0,1.0,0.0,0.0,0.0,1.0,0.0,1.0,1.0,0.0,1.0,0.0,0.0,1.0,1.0,0.0,1.0,0.0,1
0.4776978730723592,1.0216363408426503,0.6862581002128858,0.9523080214249167,0.12585811452325546,0.15797052240844153,1.184076051106458,-1.2292574515799282,0.0705278843527739,1.0,0.0,1.0,0.0,0.0,0.0,0.0,1.0,0.0,0.0,1.0,1.0,0.0,1.0,0.0,0.0,1.0,0.0,0.0,0.0,1.0,0.0,0.0,1.0,0.0,0.0,1.0,1.0,0.0,1.0,0.0,0.0,1.0,0.0,1.0,0.0,1.0,0
-1.5233181488152214,-0.6565483862046363,1.7388328109148337,1.2693325222052103,-0.8180777444011614,-0.7865499863509285,0.9704193378542941,-0.7633377369461019,-0.8079913655023788,0.0,1.0,0.0,0.0,1.0,0.0,1.0,0.0,1.0,0.0,0.0,1.0,0.0,0.0,1.0,0.0,1.0,0.0,0.0,0.0,1.0,0.0,0.0,1.0,0.0,1.0,0.0,1.0,0.0,1.0,0.0,1.0,0.0,0.0,1.0,1.0,0.0,0
0.05643134214865803,-0.09715347718887411,6.7009707327954455,-0.5139302946839411,0.12585811452325546,0.09283117697676083,5.522393720192771,0.5073523938734247,0.13560338434204444,0.0,1.0,0.0,0.0,0.0,1.0,0.0,1.0,1.0,0.0,0.0,0.0,1.0,0.0,1.0,0.0,1.0,0.0,0.0,0.0,1.0,0.0,0.0,0.0,1.0,0.0,1.0,1.0,0.0,1.0,0.0,1.0,0.0,0.0,1.0,1.0,0.0,1
1.846814098574388,-0.09715347718887411,-0.47909247234998525,0.08049064427910932,-0.2517162290465113,-0.3142897319712435,-0.14252693117675233,-0.04327999614837013,-0.2716322445381803,0.0,1.0,0.0,0.0,1.0,0.0,1.0,0.0,1.0,0.0,0.0,1.0,0.0,0.0,1.0,0.0,1.0,0.0,0.0,0.0,1.0,0.0,0.0,1.0,0.0,0.0,1.0,1.0,0.0,1.0,0.0,1.0,0.0,1.0,0.0,1.0,0.0,3
0.4776978730723592,-0.6565483862046363,-0.08437695583675477,-1.2668634840371384,0.5978260439854639,0.6302307767881266,-0.14252693117675233,1.142697459283188,0.5097875092803502,0.0,1.0,0.0,0.0,0.0,1.0,1.0,0.0,0.0,0.0,1.0,0.0,1.0,0.0,0.0,1.0,1.0,0.0,0.0,0.0,0.0,0.0,1.0,0.0,1.0,0.0,1.0,1.0,0.0,0.0,1.0,1.0,0.0,0.0,1.0,0.0,1.0,1
0.37238124034143394,-0.09715347718887411,-0.19715281769767776,1.427844772595357,-0.8180777444011614,-0.7865499863509285,-0.236680737016689,-1.6951771662137547,-0.8079913655023788,1.0,0.0,0.0,1.0,0.0,0.0,1.0,0.0,0.0,0.0,1.0,1.0,0.0,0.0,1.0,0.0,0.0,1.0,0.0,0.0,1.0,0.0,0.0,1.0,0.0,1.0,0.0,0.0,1.0,1.0,0.0,1.0,0.0,1.0,0.0,0.0,1.0,1
-0.7861017196987443,0.35036245002373567,-0.06558097885993426,0.5560273954495497,-0.8180777444011614,-0.7865499863509285,0.10782562435148958,-0.29741802231227543,-0.8079913655023788,1.0,0.0,0.0,0.0,0.0,1.0,1.0,0.0,0.0,0.0,1.0,0.0,1.0,0.0,1.0,0.0,1.0,0.0,0.0,0.0,1.0,0.0,0.0,0.0,1.0,0.0,1.0,1.0,0.0,1.0,0.0,1.0,0.0,0.0,1.0,0.0,1.0,0
1.0042810367269857,-0.09715347718887411,1.5696690181234492,-0.23653385650118425,0.881006801662789,1.0601504566372193,1.2383955544756524,-0.17034900923032278,0.6478405342575885,0.0,1.0,0.0,0.0,0.0,1.0,0.0,1.0,0.0,0.0,1.0,0.0,1.0,1.0,0.0,0.0,0.0,0.0,0.0,1.0,0.0,0.0,1.0,0.0,1.0,0.0,1.0,0.0,1.0,0.0,1.0,1.0,0.0,0.0,1.0,0.0,1.0,3
-0.04888529058226727,0.4622414318268881,1.3817092483552442,0.9523080214249167,-0.8180777444011614,-0.7865499863509285,1.4677445687011392,-1.017475763110007,-0.8079913655023788,0.0,1.0,0.0,1.0,0.0,0.0,1.0,0.0,1.0,0.0,0.0,1.0,0.0,0.0,1.0,0.0,1.0,0.0,0.0,0.0,1.0,0.0,0.0,1.0,0.0,1.0,0.0,1.0,0.0,1.0,0.0,0.0,1.0,0.0,1.0,1.0,0.0,0
1.2149143021888362,0.18254397731900698,0.14117476788509123,-0.4346741694888677,1.824942660587206,2.177290230790543,0.19908239001173592,-0.04327999614837013,1.3869551910588027,0.0,1.0,0.0,0.0,0.0,1.0,1.0,0.0,0.0,0.0,1.0,1.0,0.0,0.0,1.0,0.0,0.0,1.0,0.0,0.0,0.0,0.0,1.0,0.0,1.0,0.0,1.0,0.0,1.0,0.0,1.0,1.0,0.0,0.0,1.0,0.0,1.0,2
-0.25951855604411783,0.4622414318268881,-0.08437695583675477,-3.0897543635238263,-0.8180777444011614,-0.7865499863509285,-0.14252693117675233,3.3875833570643517,-0.8079913655023788,0.0,1.0,0.0,0.0,0.0,1.0,1.0,0.0,1.0,0.0,0.0,1.0,0.0,0.0,1.0,0.0,1.0,0.0,0.0,0.0,1.0,0.0,0.0,0.0,1.0,1.0,0.0,1.0,0.0,1.0,0.0,0.0,1.0,0.0,1.0,1.0,0.0,2
0.6883311385342098,-0.6565483862046363,-0.08437695583675477,0.12011870687664603,1.0697939734476725,1.1676303765994922,-0.14252693117675233,-0.4244870353942281,0.8904791842175831,0.0,1.0,0.0,0.0,1.0,0.0,1.0,0.0,1.0,0.0,0.0,0.0,1.0,1.0,0.0,0.0,1.0,0.0,0.0,0.0,1.0,0.0,0.0,1.0,0.0,0.0,1.0,1.0,0.0,1.0,0.0,1.0,0.0,0.0,1.0,1.0,0.0,3
-1.9445846797389226,-0.6565483862046363,-0.9113999428168568,-0.31578998169625766,0.6922196298779058,0.12540084969260118,-1.0719939888274095,1.1003411215892038,1.521339674113569,0.0,1.0,0.0,0.0,0.0,1.0,1.0,0.0,1.0,0.0,0.0,0.0,1.0,0.0,1.0,0.0,1.0,0.0,0.0,0.0,0.0,0.0,1.0,0.0,1.0,0.0,1.0,1.0,0.0,0.0,1.0,1.0,0.0,1.0,0.0,1.0,0.0,1
0.7936477712651351,-0.09715347718887411,0.8930138469579112,-0.7120706076716246,0.12585811452325546,0.20682503148220205,0.6734727194360323,0.42263971848545623,0.027322019605799237,1.0,0.0,0.0,0.0,0.0,1.0,1.0,0.0,0.0,1.0,0.0,0.0,1.0,0.0,1.0,0.0,1.0,0.0,0.0,0.0,1.0,0.0,0.0,0.0,1.0,0.0,1.0,1.0,0.0,1.0,0.0,1.0,0.0,0.0,1.0,0.0,1.0,0
1.846814098574388,1.5810312498584125,1.0433816627724752,0.9523080214249167,-0.44050340083139466,-0.3240606337859956,1.8926437950557253,-1.779889841601723,-0.5209259204792867,1.0,0.0,0.0,1.0,0.0,0.0,1.0,0.0,1.0,0.0,0.0,1.0,0.0,1.0,0.0,0.0,0.0,0.0,1.0,0.0,1.0,0.0,0.0,1.0,0.0,0.0,1.0,0.0,1.0,1.0,0.0,0.0,1.0,0.0,1.0,1.0,0.0,0
-1.1020516178915203,1.0216363408426503,-0.08437695583675477,1.4674728351928936,-0.8180777444011614,-0.7865499863509285,-0.14252693117675233,-1.1445447761919598,-0.8079913655023788,1.0,0.0,0.0,0.0,1.0,0.0,1.0,0.0,1.0,0.0,0.0,1.0,0.0,0.0,1.0,0.0,1.0,0.0,0.0,0.0,1.0,0.0,0.0,1.0,0.0,1.0,0.0,1.0,0.0,1.0,0.0,0.0,1.0,0.0,1.0,1.0,0.0,0
-0.47015182150596846,0.4622414318268881,-0.08437695583675477,-0.31578998169625766,-0.8180777444011614,-0.7865499863509285,-0.14252693117675233,0.5073523938734247,-0.8079913655023788,0.0,1.0,0.0,0.0,0.0,1.0,1.0,0.0,1.0,0.0,0.0,1.0,0.0,0.0,1.0,0.0,1.0,0.0,0.0,0.0,1.0,0.0,0.0,0.0,1.0,1.0,0.0,1.0,0.0,1.0,0.0,0.0,1.0,0.0,1.0,1.0,0.0,0
0.7936477712651351,-0.09715347718887411,1.5696690181234492,1.2297044596076736,-0.8180777444011614,-0.7865499863509285,1.2383955544756524,-1.6528208285197703,-0.8079913655023788,1.0,0.0,0.0,0.0,0.0,1.0,1.0,0.0,0.0,0.0,1.0,1.0,0.0,1.0,0.0,0.0,1.0,0.0,0.0,0.0,1.0,0.0,0.0,0.0,1.0,1.0,0.0,1.0,0.0,1.0,0.0,1.0,0.0,0.0,1.0,0.0,1.0,1
0.5830145058032845,1.8047892134647174,-1.3249114363069079,-1.9009124855977255,0.12585811452325546,0.1742553587663617,-0.45589011061325957,1.7780425246929512,0.05563772757556793,0.0,1.0,0.0,0.0,0.0,1.0,0.0,1.0,0.0,0.0,1.0,1.0,0.0,0.0,1.0,0.0,0.0,0.0,1.0,0.0,0.0,1.0,0.0,0.0,1.0,0.0,1.0,0.0,1.0,1.0,0.0,0.0,1.0,1.0,0.0,0.0,1.0,3
0.05643134214865803,1.0216363408426503,-0.08437695583675477,-0.6328144824765513,-0.8180777444011614,-0.7865499863509285,-0.14252693117675233,0.6344214069553773,-0.8079913655023788,0.0,1.0,0.0,0.0,1.0,0.0,1.0,0.0,1.0,0.0,0.0,1.0,0.0,0.0,1.0,0.0,1.0,0.0,0.0,0.0,1.0,0.0,0.0,1.0,0.0,1.0,0.0,1.0,0.0,1.0,0.0,0.0,1.0,0.0,1.0,1.0,0.0,0
-0.04888529058226727,-0.09715347718887411,-1.2121355744459847,0.3975151450594029,-0.8180777444011614,-0.7865499863509285,-1.0840649895761192,-0.4244870353942281,-0.8079913655023788,0.0,1.0,0.0,0.0,0.0,1.0,1.0,0.0,1.0,0.0,0.0,1.0,0.0,0.0,1.0,0.0,1.0,0.0,0.0,0.0,1.0,0.0,0.0,0.0,1.0,1.0,0.0,1.0,0.0,1.0,0.0,1.0,0.0,1.0,0.0,1.0,0.0,0
-1.3126848833533709,-1.2159432952203986,-1.4000953442141897,0.7937957710347698,-0.8180777444011614,-0.7865499863509285,-1.6562304250649653,-0.33977436000625966,-0.8079913655023788,0.0,1.0,0.0,0.0,0.0,1.0,1.0,0.0,0.0,0.0,1.0,1.0,0.0,1.0,0.0,0.0,1.0,0.0,0.0,0.0,0.0,0.0,1.0,0.0,1.0,1.0,0.0,1.0,0.0,0.0,1.0,1.0,0.0,1.0,0.0,0.0,1.0,1
-1.2073682506224455,-0.9362458407125174,-0.6670522421181903,-0.038393543513500765,-0.8180777444011614,-0.7865499863509285,-1.0110354350464248,0.5073523938734247,-0.8079913655023788,1.0,0.0,0.0,0.0,1.0,0.0,1.0,0.0,0.0,1.0,0.0,1.0,0.0,0.0,1.0,0.0,1.0,0.0,0.0,0.0,1.0,0.0,0.0,1.0,0.0,1.0,0.0,1.0,0.0,1.0,0.0,1.0,0.0,1.0,0.0,0.0,1.0,0
1.2149143021888362,1.3013337953505313,-0.08437695583675477,0.6352835206446231,0.12585811452325546,0.27196437691388275,-0.14252693117675233,-1.186901113885944,-0.024081881016242486,0.0,1.0,0.0,0.0,0.0,1.0,1.0,0.0,1.0,0.0,0.0,1.0,0.0,1.0,0.0,0.0,1.0,0.0,0.0,0.0,1.0,0.0,0.0,0.0,1.0,0.0,1.0,1.0,0.0,1.0,0.0,0.0,1.0,0.0,1.0,1.0,0.0,0
-1.3126848833533709,-0.6565483862046363,-1.6820349988664973,1.7448692733756506,-0.8180777444011614,-0.7865499863509285,-1.6658872256639332,-1.356326464661881,-0.8079913655023788,0.0,1.0,0.0,1.0,0.0,0.0,1.0,0.0,1.0,0.0,0.0,1.0,0.0,1.0,0.0,0.0,1.0,0.0,0.0,0.0,1.0,0.0,0.0,1.0,0.0,1.0,0.0,1.0,0.0,1.0,0.0,1.0,0.0,1.0,0.0,1.0,0.0,0
1.2149143021888362,0.4622414318268881,3.204919015106833,0.7541677084372331,-0.06292905726162788,0.06026150426092049,3.1069864703759342,-1.3139701269678967,-0.18086377791346978,1.0,0.0,0.0,0.0,1.0,0.0,0.0,1.0,0.0,0.0,1.0,1.0,0.0,1.0,0.0,0.0,0.0,1.0,0.0,0.0,1.0,0.0,0.0,1.0,0.0,0.0,1.0,0.0,1.0,1.0,0.0,0.0,1.0,0.0,1.0,0.0,1.0,0
0.1617479748795833,-0.6565483862046363,0.44191039951421923,0.08049064427910932,-0.8180777444011614,-0.7865499863509285,-0.02905952413887991,-0.17034900923032278,-0.8079913655023788,0.0,1.0,0.0,0.0,0.0,1.0,1.0,0.0,1.0,0.0,0.0,1.0,0.0,0.0,1.0,0.0,1.0,0.0,0.0,0.0,1.0,0.0,0.0,0.0,1.0,1.0,0.0,1.0,0.0,1.0,0.0,1.0,0.0,0.0,1.0,1.0,0.0,0
-0.7861017196987443,1.0216363408426503,-1.5692591370055742,-0.8705828580617714,-0.8180777444011614,-0.7865499863509285,-0.9887040836613116,1.2274101346711563,-0.8079913655023788,0.0,1.0,0.0,0.0,1.0,0.0,1.0,0.0,1.0,0.0,0.0,1.0,0.0,0.0,1.0,0.0,1.0,0.0,0.0,0.0,1.0,0.0,0.0,1.0,0.0,1.0,0.0,1.0,0.0,1.0,0.0,0.0,1.0,1.0,0.0,1.0,0.0,0
-0.04888529058226727,-0.6565483862046363,0.5170943074215012,-0.31578998169625766,-0.8180777444011614,-0.7865499863509285,0.02888127945492728,0.33792704309748783,-0.8079913655023788,1.0,0.0,0.0,0.0,1.0,0.0,1.0,0.0,1.0,0.0,0.0,1.0,0.0,0.0,1.0,0.0,1.0,0.0,0.0,0.0,1.0,0.0,0.0,1.0,0.0,1.0,0.0,1.0,0.0,1.0,0.0,1.0,0.0,0.0,1.0,1.0,0.0,0
-1.3126848833533709,0.18254397731900698,-0.8174200579327543,-0.23653385650118425,-0.8180777444011614,-0.7865499863509285,-0.632006011536936,0.76149042003733,-0.8079913655023788,0.0,1.0,0.0,1.0,0.0,0.0,1.0,0.0,1.0,0.0,0.0,1.0,0.0,0.0,1.0,0.0,1.0,0.0,0.0,0.0,0.0,1.0,0.0,1.0,0.0,1.0,0.0,1.0,0.0,1.0,0.0,1.0,0.0,1.0,0.0,1.0,0.0,0
2.3733972622290147,-1.5515802406298558,-0.08437695583675477,-0.7120706076716246,2.485697761834298,3.5452164848558376,-0.14252693117675233,-0.212705346924307,1.5385797887159895,0.0,1.0,0.0,0.0,1.0,0.0,1.0,0.0,0.0,0.0,1.0,1.0,0.0,0.0,0.0,1.0,1.0,0.0,0.0,0.0,1.0,0.0,0.0,1.0,0.0,0.0,1.0,1.0,0.0,1.0,0.0,1.0,0.0,0.0,1.0,0.0,1.0,4
0.7936477712651351,1.0216363408426503,-0.06558097885993426,-0.038393543513500765,0.12585811452325546,0.20682503148220205,0.45981600618386825,-0.29741802231227543,0.027322019605799237,0.0,1.0,0.0,0.0,1.0,0.0,0.0,1.0,1.0,0.0,0.0,0.0,1.0,0.0,1.0,0.0,1.0,0.0,0.0,0.0,1.0,0.0,0.0,1.0,0.0,0.0,1.0,1.0,0.0,1.0,0.0,0.0,1.0,0.0,1.0,1.0,0.0,0
0.05643134214865803,-0.3768509316967552,-0.4227045414195238,-0.6328144824765513,1.0697939734476725,0.9722123403044501,-0.5601835570821125,0.6344214069553773,1.0791981341864676,0.0,1.0,0.0,0.0,0.0,1.0,1.0,0.0,1.0,0.0,0.0,1.0,0.0,0.0,1.0,0.0,1.0,0.0,0.0,0.0,1.0,0.0,0.0,0.0,1.0,0.0,1.0,1.0,0.0,1.0,0.0,1.0,0.0,1.0,0.0,1.0,0.0,1
0.1617479748795833,-0.5446694044014839,-0.44150051839634424,-1.5046318596223585,-0.8180777444011614,-0.7865499863509285,-0.6560273030268686,1.523904498529046,-0.8079913655023788,0.0,1.0,0.0,0.0,0.0,1.0,0.0,1.0,0.0,1.0,0.0,1.0,0.0,0.0,1.0,0.0,1.0,0.0,0.0,0.0,0.0,1.0,0.0,0.0,1.0,1.0,0.0,1.0,0.0,1.0,0.0,1.0,0.0,1.0,0.0,0.0,1.0,2
-1.2073682506224455,0.4622414318268881,2.095956373474423,1.2693325222052103,-0.8180777444011614,-0.7865499863509285,2.109921808532502,-0.8904067500280545,-0.8079913655023788,0.0,1.0,0.0,0.0,0.0,1.0,1.0,0.0,1.0,0.0,0.0,1.0,0.0,0.0,1.0,0.0,1.0,0.0,0.0,0.0,1.0,0.0,0.0,0.0,1.0,1.0,0.0,1.0,0.0,1.0,0.0,0.0,1.0,0.0,1.0,1.0,0.0,0
0.4776978730723592,-0.320911440795179,-0.08437695583675477,-1.1083512336469916,1.0697939734476725,1.1024910311678116,-0.14252693117675233,0.9732721085072511,0.9490471342079265,0.0,1.0,0.0,1.0,0.0,0.0,0.0,1.0,1.0,0.0,0.0,0.0,1.0,0.0,1.0,0.0,1.0,0.0,0.0,0.0,1.0,0.0,0.0,1.0,0.0,0.0,1.0,1.0,0.0,1.0,0.0,1.0,0.0,0.0,1.0,1.0,0.0,2
0.7936477712651351,1.0216363408426503,-0.08437695583675477,-1.3064915466346751,-0.8180777444011614,-0.7865499863509285,-0.14252693117675233,1.0579847838952194,-0.8079913655023788,0.0,1.0,0.0,0.0,0.0,1.0,1.0,0.0,1.0,0.0,0.0,0.0,1.0,0.0,1.0,0.0,1.0,0.0,0.0,0.0,0.0,0.0,1.0,0.0,1.0,0.0,1.0,1.0,0.0,0.0,1.0,0.0,1.0,0.0,1.0,1.0,0.0,1
0.8989644039960604,0.4622414318268881,-0.08437695583675477,0.1993748320717194,-0.8180777444011614,-0.7865499863509285,-0.14252693117675233,-0.593912386170165,-0.8079913655023788,1.0,0.0,1.0,0.0,0.0,0.0,1.0,0.0,1.0,0.0,0.0,1.0,0.0,0.0,1.0,0.0,1.0,0.0,0.0,0.0,1.0,0.0,0.0,1.0,0.0,1.0,0.0,1.0,0.0,1.0,0.0,0.0,1.0,0.0,1.0,1.0,0.0,2
-0.3648351887750431,0.685999395433193,-0.8738079888632158,-0.47430223208640443,0.03146452863081379,-0.05373235024452073,-0.46361555109243385,0.6344214069553773,0.10918273134640075,0.0,1.0,0.0,0.0,0.0,1.0,1.0,0.0,0.0,0.0,1.0,0.0,1.0,0.0,1.0,0.0,1.0,0.0,0.0,0.0,0.0,0.0,1.0,0.0,1.0,0.0,1.0,1.0,0.0,0.0,1.0,0.0,1.0,1.0,0.0,0.0,1.0,3
-0.9967349851605949,-1.2159432952203986,-0.9301959197936773,1.546728960387967,-0.8180777444011614,-0.7865499863509285,-1.324277904475445,-1.2716137892739123,-0.8079913655023788,0.0,1.0,0.0,0.0,0.0,1.0,1.0,0.0,0.0,0.0,1.0,1.0,0.0,1.0,0.0,0.0,0.0,1.0,0.0,0.0,1.0,0.0,0.0,0.0,1.0,1.0,0.0,0.0,1.0,1.0,0.0,1.0,0.0,1.0,0.0,0.0,1.0,1
0.5830145058032845,1.2453943044489553,-0.08437695583675477,-0.27616191909872095,0.5978260439854639,0.6546580313250068,-0.14252693117675233,0.0414326792395983,0.4874522741145414,0.0,1.0,0.0,0.0,0.0,1.0,1.0,0.0,0.0,1.0,0.0,0.0,1.0,0.0,1.0,0.0,1.0,0.0,0.0,0.0,1.0,0.0,0.0,0.0,1.0,0.0,1.0,1.0,0.0,1.0,0.0,0.0,1.0,0.0,1.0,0.0,1.0,0
0.8989644039960604,-0.6565483862046363,0.14117476788509123,-1.7820282978051154,-0.8180777444011614,-0.7865499863509285,-0.2608227385141087,1.523904498529046,-0.8079913655023788,0.0,1.0,0.0,1.0,0.0,0.0,1.0,0.0,0.0,0.0,1.0,0.0,1.0,0.0,1.0,0.0,1.0,0.0,0.0,0.0,1.0,0.0,0.0,1.0,0.0,0.0,1.0,1.0,0.0,1.0,0.0,1.0,0.0,0.0,1.0,0.0,1.0,1
0.05643134214865803,-0.3768509316967552,0.49829833044468075,0.5560273954495497,-0.346109814938953,-0.3468594046870838,0.1791652387763647,-0.6362687238641491,-0.3361939905801672,0.0,1.0,0.0,0.0,1.0,0.0,1.0,0.0,0.0,0.0,1.0,1.0,0.0,0.0,0.0,1.0,0.0,1.0,0.0,0.0,1.0,0.0,0.0,1.0,0.0,0.0,1.0,0.0,1.0,1.0,0.0,1.0,0.0,0.0,1.0,0.0,1.0,0
0.1617479748795833,-1.2159432952203986,0.5734822383519628,0.8730518962298432,-0.8180777444011614,-0.7865499863509285,-0.26202983858897966,-1.017475763110007,-0.8079913655023788,0.0,1.0,0.0,0.0,1.0,0.0,1.0,0.0,1.0,0.0,0.0,1.0,0.0,0.0,1.0,0.0,1.0,0.0,0.0,0.0,1.0,0.0,0.0,1.0,0.0,1.0,0.0,1.0,0.0,1.0,0.0,1.0,0.0,0.0,1.0,1.0,0.0,0
-0.5754684542368937,-0.09715347718887411,0.47950235346786024,0.08049064427910932,-0.2517162290465113,-0.3142897319712435,-0.14252693117675233,-0.04327999614837013,-0.2716322445381803,0.0,1.0,0.0,0.0,0.0,1.0,1.0,0.0,0.0,1.0,0.0,1.0,0.0,0.0,1.0,0.0,1.0,0.0,0.0,0.0,1.0,0.0,0.0,0.0,1.0,0.0,1.0,1.0,0.0,1.0,0.0,1.0,0.0,0.0,1.0,0.0,1.0,0
0.37238124034143394,-0.09715347718887411,0.5734822383519628,0.08049064427910932,-0.2517162290465113,-0.3142897319712435,-0.14252693117675233,-0.04327999614837013,-0.2716322445381803,0.0,1.0,0.0,0.0,0.0,1.0,0.0,1.0,0.0,1.0,0.0,1.0,0.0,0.0,1.0,0.0,1.0,0.0,0.0,0.0,1.0,0.0,0.0,0.0,1.0,0.0,1.0,1.0,0.0,1.0,0.0,1.0,0.0,0.0,1.0,0.0,1.0,4
0.4776978730723592,0.014725504614278323,3.9755540711564734,-2.733101800145996,0.12585811452325546,0.15797052240844153,3.3575804459191505,2.709881953960604,0.0705278843527739,0.0,1.0,0.0,0.0,0.0,1.0,0.0,1.0,1.0,0.0,0.0,1.0,0.0,0.0,0.0,1.0,1.0,0.0,0.0,0.0,1.0,0.0,0.0,0.0,1.0,0.0,1.0,1.0,0.0,1.0,0.0,1.0,0.0,0.0,1.0,1.0,0.0,0
1.0042810367269857,0.7419388863347692,-0.25354074862813925,0.4767712702544763,1.3529747311249973,1.5731228019117043,0.13812383623075125,-0.9327630877220386,1.0522382841909126,0.0,1.0,1.0,0.0,0.0,0.0,0.0,1.0,0.0,0.0,1.0,1.0,0.0,0.0,0.0,1.0,1.0,0.0,0.0,0.0,0.0,1.0,0.0,1.0,0.0,0.0,1.0,1.0,0.0,1.0,0.0,0.0,1.0,1.0,0.0,0.0,1.0,0
-0.15420192331319255,-0.09715347718887411,-0.4039085644427033,-0.7120706076716246,1.0697939734476725,0.9070729948727695,-0.40929604772323963,0.8038467577313142,1.151782345712962,0.0,1.0,0.0,0.0,0.0,1.0,1.0,0.0,1.0,0.0,0.0,0.0,1.0,0.0,1.0,0.0,1.0,0.0,0.0,0.0,1.0,0.0,0.0,0.0,1.0,0.0,1.0,1.0,0.0,1.0,0.0,1.0,0.0,1.0,0.0,1.0,0.0,1
0.4776978730723592,-0.09715347718887411,-0.27233672560495975,0.08049064427910932,-0.2517162290465113,-0.3142897319712435,-0.14252693117675233,-0.04327999614837013,-0.2716322445381803,0.0,1.0,0.0,0.0,1.0,0.0,1.0,0.0,0.0,1.0,0.0,1.0,0.0,0.0,1.0,0.0,1.0,0.0,0.0,0.0,1.0,0.0,0.0,1.0,0.0,0.0,1.0,1.0,0.0,1.0,0.0,1.0,0.0,1.0,0.0,0.0,1.0,2
1.109597669457911,0.5741204136300405,0.5546862613751422,0.08049064427910932,0.12585811452325546,0.25567954055596254,0.7908028467134919,-0.5515560484761808,-0.01183329532114665,1.0,0.0,0.0,0.0,0.0,1.0,1.0,0.0,1.0,0.0,0.0,0.0,1.0,0.0,1.0,0.0,1.0,0.0,0.0,0.0,0.0,0.0,1.0,0.0,1.0,0.0,1.0,1.0,0.0,0.0,1.0,0.0,1.0,0.0,1.0,1.0,0.0,1
0.5830145058032845,0.4622414318268881,-0.47909247234998525,1.03156414661999,-0.8180777444011614,-0.7865499863509285,-0.20529613507004346,-1.356326464661881,-0.8079913655023788,0.0,1.0,0.0,1.0,0.0,0.0,1.0,0.0,1.0,0.0,0.0,0.0,1.0,1.0,0.0,0.0,1.0,0.0,0.0,0.0,1.0,0.0,0.0,1.0,0.0,0.0,1.0,1.0,0.0,1.0,0.0,0.0,1.0,1.0,0.0,1.0,0.0,0
0.05643134214865803,0.18254397731900698,1.0809736167261164,1.2693325222052103,-0.8180777444011614,-0.7865499863509285,1.0138749405496497,-1.398682802355865,-0.8079913655023788,1.0,0.0,0.0,0.0,1.0,0.0,0.0,1.0,1.0,0.0,0.0,1.0,0.0,1.0,0.0,0.0,1.0,0.0,0.0,0.0,1.0,0.0,0.0,1.0,0.0,1.0,0.0,1.0,0.0,1.0,0.0,1.0,0.0,0.0,1.0,1.0,0.0,0
-1.5233181488152214,-0.6565483862046363,-0.8738079888632158,0.8730518962298432,0.12585811452325546,-0.15144136839204175,-1.0430235870305058,-0.33977436000625966,0.4985244419745149,0.0,1.0,0.0,1.0,0.0,0.0,1.0,0.0,1.0,0.0,0.0,0.0,1.0,0.0,1.0,0.0,1.0,0.0,0.0,0.0,1.0,0.0,0.0,1.0,0.0,0.0,1.0,1.0,0.0,1.0,0.0,1.0,0.0,1.0,0.0,1.0,0.0,0
-0.5754684542368937,1.0216363408426503,-0.3663166104890623,-0.31578998169625766,0.12585811452325546,-0.004877841170760207,0.1701119882148323,0.549708731567409,0.2535527280725973,1.0,0.0,0.0,0.0,0.0,1.0,1.0,0.0,1.0,0.0,0.0,0.0,1.0,0.0,1.0,0.0,1.0,0.0,0.0,0.0,1.0,0.0,0.0,0.0,1.0,0.0,1.0,1.0,0.0,1.0,0.0,0.0,1.0,1.0,0.0,1.0,0.0,0
-1.733951414277072,-0.7684273680077888,-0.12196890979039576,1.0711922092175268,0.12585811452325546,-0.1840110411078821,-0.5215563546862411,-0.4668433730882123,0.5691469180543471,0.0,1.0,0.0,0.0,1.0,0.0,1.0,0.0,0.0,0.0,1.0,1.0,0.0,0.0,1.0,0.0,1.0,0.0,0.0,0.0,1.0,0.0,0.0,1.0,0.0,0.0,1.0,1.0,0.0,1.0,0.0,1.0,0.0,0.0,1.0,0.0,1.0,0
0.05643134214865803,0.4622414318268881,1.1749535016102188,0.08049064427910932,-0.8180777444011614,-0.7865499863509285,1.2818511571710078,-0.12799267153633856,-0.8079913655023788,1.0,0.0,0.0,1.0,0.0,0.0,1.0,0.0,0.0,1.0,0.0,1.0,0.0,0.0,1.0,0.0,1.0,0.0,0.0,0.0,1.0,0.0,0.0,1.0,0.0,1.0,0.0,1.0,0.0,1.0,0.0,0.0,1.0,0.0,1.0,0.0,1.0,0
-0.680785086967819,-1.2159432952203986,0.5358902843983218,-0.791326732866698,0.12585811452325546,-0.021162677528680382,-0.2885860402361413,1.1003411215892038,0.2761387726167458,0.0,1.0,0.0,0.0,0.0,1.0,1.0,0.0,0.0,0.0,1.0,0.0,1.0,0.0,1.0,0.0,0.0,1.0,0.0,0.0,1.0,0.0,0.0,0.0,1.0,0.0,1.0,0.0,1.0,1.0,0.0,1.0,0.0,0.0,1.0,0.0,1.0,1
-1.1020516178915203,-0.6565483862046363,-0.8550120118863953,1.0711922092175268,-0.8180777444011614,-0.7865499863509285,-1.028538386132054,-0.7209813992521176,-0.8079913655023788,1.0,0.0,0.0,1.0,0.0,0.0,1.0,0.0,1.0,0.0,0.0,1.0,0.0,0.0,1.0,0.0,1.0,0.0,0.0,0.0,1.0,0.0,0.0,1.0,0.0,1.0,0.0,1.0,0.0,1.0,0.0,1.0,0.0,1.0,0.0,1.0,0.0,0
0.2670646076105086,-0.20903245899202655,-0.44150051839634424,-0.7516986702691613,1.0697939734476725,1.037351685736131,-0.49451731300913104,0.6767777446493616,1.0117985091975803,0.0,1.0,0.0,0.0,0.0,1.0,1.0,0.0,0.0,1.0,0.0,0.0,1.0,0.0,0.0,1.0,1.0,0.0,0.0,0.0,1.0,0.0,0.0,0.0,1.0,0.0,1.0,1.0,0.0,1.0,0.0,1.0,0.0,1.0,0.0,0.0,1.0,2
0.8989644039960604,1.5810312498584125,-1.0053798277009593,-0.8705828580617714,-0.8180777444011614,-0.7865499863509285,-0.21253873551926936,0.549708731567409,-0.8079913655023788,1.0,0.0,1.0,0.0,0.0,0.0,1.0,0.0,1.0,0.0,0.0,1.0,0.0,0.0,1.0,0.0,1.0,0.0,0.0,0.0,1.0,0.0,0.0,1.0,0.0,1.0,0.0,1.0,0.0,1.0,0.0,0.0,1.0,1.0,0.0,1.0,0.0,0
0.4776978730723592,-1.7753382042361607,-0.23474477165131877,0.7145396458396964,-0.7236841585087198,-0.6920979354749915,-1.1154495915227647,-0.9751194254160229,-0.7201394405168635,0.0,1.0,0.0,0.0,0.0,1.0,1.0,0.0,1.0,0.0,0.0,1.0,0.0,1.0,0.0,0.0,0.0,1.0,0.0,0.0,0.0,0.0,1.0,0.0,1.0,0.0,1.0,0.0,1.0,0.0,1.0,1.0,0.0,1.0,0.0,1.0,0.0,2
